id,label,label_LR,label_DT
20800,0,0,0
20801,1,1,1
20802,0,1,1
20803,1,0,0
20804,1,1,1
20805,1,1,1
20806,1,0,0
20807,1,1,1
20808,0,1,1
20809,1,1,1
20810,0,1,1
20811,1,1,1
20812,0,1,1
20813,1,1,1
20814,1,1,1
20815,0,0,0
20816,0,0,0
20817,1,0,0
20818,1,1,1
20819,1,0,0
20820,1,1,0
20821,1,1,1
20822,0,1,1
20823,1,1,1
20824,1,1,1
20825,0,0,1
20826,1,1,1
20827,0,0,0
20828,0,0,0
20829,1,1,1
20830,1,0,0
20831,1,1,1
20832,0,0,0
20833,0,0,0
20834,1,1,1
20835,0,0,0
20836,1,0,0
20837,1,1,1
20838,0,1,1
20839,0,0,0
20840,0,0,0
20841,1,0,0
20842,1,1,1
20843,1,0,0
20844,0,0,0
20845,1,1,1
20846,1,0,0
20847,0,0,0
20848,1,1,1
20849,1,1,1
20850,0,0,0
20851,0,1,1
20852,0,0,0
20853,1,1,1
20854,1,1,1
20855,0,0,0
20856,1,1,1
20857,0,0,0
20858,0,0,0
20859,1,0,0
20860,1,1,1
20861,0,1,1
20862,0,1,1
20863,1,0,0
20864,1,1,0
20865,1,1,1
20866,0,1,1
20867,1,1,1
20868,0,1,0
20869,1,0,0
20870,1,1,0
20871,1,1,1
20872,0,1,1
20873,1,0,0
20874,0,0,0
20875,0,0,0
20876,0,0,0
20877,0,0,0
20878,1,1,0
20879,1,0,0
20880,0,0,0
20881,1,1,1
20882,1,0,0
20883,1,1,1
20884,0,1,0
20885,0,1,1
20886,1,1,0
20887,0,0,0
20888,0,0,0
20889,1,0,0
20890,1,1,1
20891,0,0,0
20892,0,0,0
20893,1,1,1
20894,1,1,1
20895,0,0,0
20896,0,0,0
20897,1,0,0
20898,0,1,1
20899,0,1,1
20900,1,0,0
20901,1,1,1
20902,1,0,0
20903,0,0,0
20904,0,0,0
20905,0,0,0
20906,0,1,1
20907,0,0,0
20908,1,1,1
20909,1,1,1
20910,0,1,1
20911,1,1,1
20912,1,0,1
20913,0,0,0
20914,1,0,0
20915,1,0,0
20916,0,0,0
20917,0,1,1
20918,1,0,0
20919,1,1,1
20920,1,0,0
20921,1,0,0
20922,1,1,1
20923,1,0,0
20924,1,0,0
20925,1,1,1
20926,1,1,1
20927,1,0,1
20928,1,1,1
20929,0,0,0
20930,1,1,0
20931,0,0,0
20932,1,1,1
20933,1,0,0
20934,1,0,0
20935,0,0,0
20936,0,0,0
20937,0,1,1
20938,0,1,1
20939,1,1,1
20940,1,1,1
20941,1,0,0
20942,0,1,1
20943,1,1,1
20944,1,1,1
20945,0,0,0
20946,1,1,1
20947,1,0,0
20948,0,0,0
20949,0,0,0
20950,1,1,1
20951,1,1,1
20952,0,0,0
20953,1,1,0
20954,0,0,0
20955,1,1,1
20956,1,0,0
20957,1,1,1
20958,0,1,1
20959,1,1,1
20960,1,1,1
20961,1,1,1
20962,1,1,0
20963,0,1,1
20964,0,0,0
20965,1,1,1
20966,1,1,1
20967,1,1,1
20968,1,1,1
20969,1,0,0
20970,1,0,0
20971,0,0,0
20972,1,0,0
20973,0,1,0
20974,0,0,0
20975,1,0,0
20976,0,0,0
20977,1,0,1
20978,1,0,0
20979,1,0,0
20980,0,0,0
20981,1,0,1
20982,1,0,0
20983,1,1,1
20984,0,0,0
20985,1,1,1
20986,0,1,1
20987,0,0,0
20988,1,1,0
20989,1,0,0
20990,1,1,1
20991,1,0,0
20992,0,0,0
20993,1,0,0
20994,1,1,1
20995,0,1,1
20996,0,0,1
20997,1,1,0
20998,1,1,1
20999,1,0,0
21000,0,0,0
21001,1,1,1
21002,1,0,0
21003,1,1,1
21004,1,1,1
21005,1,1,1
21006,1,1,1
21007,0,1,1
21008,1,0,0
21009,1,1,1
21010,0,0,0
21011,1,1,1
21012,1,1,1
21013,1,0,0
21014,0,1,1
21015,1,1,1
21016,1,1,1
21017,0,0,0
21018,0,0,0
21019,0,1,1
21020,0,0,0
21021,1,1,1
21022,0,0,0
21023,1,0,0
21024,0,0,0
21025,1,1,1
21026,1,1,1
21027,1,1,1
21028,0,0,0
21029,0,0,0
21030,0,0,0
21031,0,0,0
21032,0,1,1
21033,1,1,1
21034,1,1,1
21035,1,1,1
21036,0,1,0
21037,0,1,1
21038,1,1,1
21039,1,0,0
21040,1,1,1
21041,0,1,1
21042,0,0,0
21043,1,1,1
21044,0,1,1
21045,1,0,0
21046,1,1,0
21047,1,1,1
21048,0,0,0
21049,1,1,1
21050,1,1,1
21051,1,1,1
21052,0,1,1
21053,0,0,1
21054,0,1,1
21055,1,0,0
21056,1,0,0
21057,1,1,1
21058,1,1,1
21059,1,1,1
21060,1,0,0
21061,1,1,0
21062,1,1,1
21063,1,0,0
21064,1,1,1
21065,1,1,1
21066,1,1,1
21067,1,1,1
21068,0,0,0
21069,1,1,1
21070,0,0,0
21071,1,1,0
21072,0,1,1
21073,1,1,1
21074,0,0,0
21075,0,0,0
21076,0,0,0
21077,0,0,0
21078,0,0,0
21079,0,1,1
21080,1,1,1
21081,1,1,1
21082,1,0,0
21083,1,1,1
21084,1,1,1
21085,0,0,0
21086,0,0,0
21087,0,1,1
21088,1,0,0
21089,1,1,0
21090,0,0,0
21091,1,1,1
21092,0,0,0
21093,1,1,1
21094,0,1,1
21095,0,1,0
21096,1,1,0
21097,1,1,1
21098,1,1,1
21099,0,0,0
21100,1,0,0
21101,0,0,0
21102,0,1,1
21103,1,1,1
21104,1,1,1
21105,0,0,0
21106,1,1,1
21107,1,1,1
21108,0,0,1
21109,0,0,0
21110,1,0,0
21111,0,0,1
21112,1,1,1
21113,0,0,0
21114,1,0,1
21115,1,1,0
21116,0,0,0
21117,1,1,1
21118,0,0,0
21119,0,1,1
21120,0,0,0
21121,0,0,0
21122,0,0,0
21123,1,0,1
21124,0,0,0
21125,1,1,1
21126,1,1,1
21127,0,0,0
21128,0,0,0
21129,1,1,1
21130,0,1,1
21131,1,0,0
21132,1,1,1
21133,1,1,1
21134,0,0,0
21135,1,1,1
21136,0,1,1
21137,1,0,1
21138,0,0,0
21139,1,0,0
21140,1,1,1
21141,1,0,0
21142,1,1,1
21143,0,0,0
21144,1,1,1
21145,0,0,0
21146,1,1,0
21147,1,1,1
21148,1,0,0
21149,1,1,1
21150,0,0,0
21151,0,0,1
21152,1,1,0
21153,0,1,1
21154,0,0,0
21155,1,1,1
21156,1,0,0
21157,0,1,1
21158,1,0,0
21159,0,0,0
21160,0,1,1
21161,0,0,0
21162,1,1,1
21163,0,1,1
21164,1,1,1
21165,0,0,0
21166,1,1,1
21167,1,0,0
21168,1,0,0
21169,0,0,1
21170,0,0,0
21171,0,1,1
21172,1,0,0
21173,0,0,0
21174,0,1,1
21175,0,0,0
21176,1,1,0
21177,0,1,1
21178,0,0,0
21179,0,0,0
21180,0,0,0
21181,0,1,1
21182,0,1,1
21183,1,0,1
21184,1,1,1
21185,1,1,1
21186,0,1,1
21187,1,1,1
21188,1,0,0
21189,0,0,0
21190,0,1,1
21191,1,1,1
21192,0,0,0
21193,1,1,1
21194,1,0,0
21195,1,0,0
21196,1,1,1
21197,1,0,0
21198,1,0,0
21199,1,0,0
21200,0,0,0
21201,1,0,0
21202,1,0,0
21203,1,0,0
21204,1,1,1
21205,0,0,0
21206,1,0,0
21207,0,1,1
21208,0,0,0
21209,1,0,0
21210,0,1,1
21211,1,0,0
21212,1,1,1
21213,0,0,0
21214,1,0,0
21215,0,0,0
21216,0,0,0
21217,0,0,0
21218,1,0,0
21219,1,0,0
21220,0,0,0
21221,0,0,0
21222,0,1,1
21223,1,0,0
21224,0,1,1
21225,0,1,1
21226,1,0,0
21227,1,1,0
21228,0,0,0
21229,1,0,1
21230,0,0,0
21231,0,1,1
21232,0,0,0
21233,1,1,0
21234,0,0,0
21235,0,0,0
21236,0,0,0
21237,1,1,1
21238,1,1,1
21239,1,0,0
21240,1,1,1
21241,0,0,0
21242,0,1,1
21243,1,0,0
21244,0,0,0
21245,0,0,1
21246,1,0,0
21247,1,1,1
21248,1,0,0
21249,1,0,0
21250,1,1,0
21251,0,1,1
21252,1,1,1
21253,1,1,1
21254,1,0,0
21255,0,0,0
21256,0,0,0
21257,1,0,0
21258,0,1,1
21259,0,0,0
21260,1,0,0
21261,1,0,0
21262,0,0,0
21263,0,0,0
21264,1,0,0
21265,0,0,0
21266,0,0,0
21267,0,0,0
21268,0,0,0
21269,1,0,0
21270,0,1,1
21271,1,0,0
21272,0,0,0
21273,0,0,0
21274,1,1,1
21275,0,0,0
21276,0,1,1
21277,0,1,1
21278,0,0,0
21279,1,1,1
21280,1,1,1
21281,1,0,0
21282,1,1,1
21283,1,0,0
21284,1,0,0
21285,1,0,0
21286,1,1,1
21287,1,1,0
21288,1,1,0
21289,0,0,0
21290,0,0,0
21291,1,0,0
21292,0,0,0
21293,0,1,1
21294,1,0,0
21295,0,0,0
21296,0,0,1
21297,1,1,1
21298,1,1,1
21299,1,1,1
21300,0,1,1
21301,1,0,0
21302,0,0,0
21303,0,0,1
21304,1,1,1
21305,1,1,1
21306,1,0,0
21307,0,0,0
21308,0,0,1
21309,1,0,0
21310,1,1,1
21311,1,1,1
21312,1,1,1
21313,0,0,0
21314,0,0,0
21315,1,1,1
21316,0,1,0
21317,0,0,0
21318,1,0,0
21319,0,0,0
21320,0,0,0
21321,1,0,0
21322,1,1,1
21323,0,1,1
21324,0,0,0
21325,1,1,1
21326,0,0,0
21327,0,0,0
21328,1,1,1
21329,1,1,1
21330,1,1,1
21331,1,1,1
21332,0,1,1
21333,0,1,1
21334,0,1,1
21335,1,0,0
21336,0,1,1
21337,0,0,0
21338,1,1,0
21339,0,0,1
21340,0,1,1
21341,0,1,1
21342,0,1,1
21343,1,0,0
21344,1,0,0
21345,1,1,1
21346,0,0,0
21347,0,0,0
21348,0,1,1
21349,0,0,0
21350,0,0,0
21351,1,1,1
21352,1,0,0
21353,0,1,1
21354,1,1,1
21355,1,0,0
21356,1,1,1
21357,1,0,0
21358,0,0,0
21359,0,1,1
21360,0,0,0
21361,1,1,1
21362,1,0,1
21363,0,0,0
21364,0,1,1
21365,1,1,1
21366,1,0,1
21367,0,1,1
21368,1,1,1
21369,0,0,0
21370,0,1,0
21371,0,0,0
21372,1,0,0
21373,0,0,0
21374,0,0,0
21375,0,0,0
21376,1,0,1
21377,0,1,1
21378,1,0,1
21379,1,0,0
21380,1,0,0
21381,0,0,0
21382,0,1,1
21383,1,1,1
21384,0,0,0
21385,1,1,1
21386,1,1,1
21387,0,1,1
21388,0,0,0
21389,1,1,1
21390,0,1,1
21391,0,1,1
21392,0,0,0
21393,0,0,0
21394,0,0,0
21395,0,0,0
21396,1,0,0
21397,1,0,0
21398,1,0,1
21399,1,0,0
21400,1,1,0
21401,1,0,0
21402,1,1,1
21403,0,1,1
21404,0,0,0
21405,1,0,0
21406,0,0,0
21407,0,1,1
21408,0,0,0
21409,1,0,0
21410,0,1,1
21411,1,1,1
21412,0,0,0
21413,0,0,0
21414,0,0,0
21415,1,1,1
21416,1,1,1
21417,1,0,0
21418,0,0,0
21419,1,1,0
21420,0,1,1
21421,0,0,0
21422,1,1,1
21423,0,0,0
21424,0,0,0
21425,1,0,0
21426,1,1,1
21427,1,0,0
21428,1,1,1
21429,0,0,0
21430,1,0,1
21431,0,1,1
21432,1,0,0
21433,1,1,1
21434,1,1,1
21435,1,0,0
21436,1,0,1
21437,0,1,1
21438,0,0,0
21439,1,1,1
21440,0,0,0
21441,0,1,1
21442,1,1,1
21443,0,1,1
21444,1,0,0
21445,1,1,1
21446,1,1,1
21447,0,0,0
21448,1,1,1
21449,0,0,1
21450,1,1,1
21451,0,1,1
21452,1,0,0
21453,1,1,1
21454,0,0,0
21455,0,1,1
21456,0,0,0
21457,1,1,1
21458,0,0,0
21459,1,0,0
21460,1,1,1
21461,1,1,1
21462,1,0,0
21463,1,1,1
21464,0,0,0
21465,0,0,0
21466,0,0,0
21467,0,0,0
21468,0,1,1
21469,0,0,1
21470,1,0,0
21471,1,1,1
21472,1,0,1
21473,1,0,0
21474,0,0,0
21475,0,0,0
21476,1,1,1
21477,0,1,1
21478,1,0,0
21479,1,1,1
21480,1,1,1
21481,0,0,0
21482,0,1,0
21483,1,1,0
21484,0,0,0
21485,1,1,0
21486,1,0,0
21487,1,1,1
21488,1,1,1
21489,1,0,0
21490,0,1,1
21491,0,0,0
21492,1,1,1
21493,1,1,1
21494,0,0,0
21495,1,0,0
21496,1,1,1
21497,1,0,0
21498,1,1,1
21499,1,0,1
21500,1,1,0
21501,0,0,0
21502,1,0,0
21503,0,1,1
21504,1,1,1
21505,1,1,1
21506,1,1,1
21507,1,0,0
21508,1,0,0
21509,1,0,0
21510,0,0,0
21511,1,1,1
21512,1,0,0
21513,1,1,1
21514,1,0,0
21515,0,0,0
21516,0,1,1
21517,1,1,1
21518,1,0,0
21519,1,0,0
21520,0,1,1
21521,1,0,0
21522,0,1,0
21523,1,1,1
21524,1,1,1
21525,0,0,0
21526,0,0,0
21527,1,0,0
21528,1,0,1
21529,0,0,0
21530,0,0,1
21531,1,0,1
21532,0,0,0
21533,0,0,0
21534,0,0,0
21535,0,0,1
21536,0,0,0
21537,1,1,1
21538,1,1,1
21539,1,0,0
21540,1,1,1
21541,1,1,1
21542,1,0,0
21543,0,0,0
21544,0,1,1
21545,1,0,0
21546,1,0,0
21547,0,0,0
21548,1,0,0
21549,1,0,0
21550,1,1,1
21551,1,1,1
21552,0,1,1
21553,1,1,1
21554,1,0,0
21555,1,1,1
21556,1,0,0
21557,0,0,0
21558,0,1,1
21559,1,1,1
21560,0,0,0
21561,0,0,0
21562,1,0,1
21563,0,0,0
21564,1,1,1
21565,1,1,1
21566,0,0,0
21567,1,1,1
21568,0,1,1
21569,1,0,1
21570,0,1,0
21571,0,1,1
21572,0,1,0
21573,0,1,1
21574,1,0,0
21575,0,0,0
21576,0,0,0
21577,1,1,1
21578,1,1,1
21579,0,1,1
21580,1,1,1
21581,0,1,1
21582,1,1,1
21583,0,1,1
21584,1,1,1
21585,0,1,1
21586,1,0,0
21587,0,0,0
21588,1,0,0
21589,0,0,0
21590,0,0,0
21591,1,1,1
21592,1,0,0
21593,1,1,1
21594,1,1,1
21595,0,0,0
21596,0,0,0
21597,1,1,1
21598,0,0,0
21599,1,0,0
21600,0,0,0
21601,1,0,0
21602,1,1,1
21603,0,1,1
21604,0,0,0
21605,0,0,0
21606,0,0,1
21607,1,1,0
21608,1,0,0
21609,0,1,1
21610,1,1,1
21611,1,1,1
21612,1,1,1
21613,0,0,0
21614,0,1,1
21615,1,0,0
21616,0,0,0
21617,1,0,0
21618,0,1,1
21619,0,0,0
21620,0,0,0
21621,1,1,1
21622,1,0,1
21623,1,1,1
21624,1,1,1
21625,0,0,0
21626,0,1,1
21627,1,1,1
21628,0,1,1
21629,1,1,1
21630,0,0,0
21631,0,1,1
21632,1,0,0
21633,1,1,1
21634,1,0,0
21635,1,1,1
21636,1,0,0
21637,1,1,1
21638,1,1,1
21639,1,1,1
21640,1,1,1
21641,1,1,1
21642,0,0,0
21643,0,0,0
21644,0,0,0
21645,1,1,0
21646,0,0,0
21647,0,0,0
21648,0,0,0
21649,0,1,1
21650,0,1,1
21651,1,1,1
21652,1,1,1
21653,0,0,0
21654,1,1,1
21655,1,0,0
21656,1,1,1
21657,1,1,1
21658,1,1,1
21659,1,0,0
21660,1,0,0
21661,1,1,1
21662,0,0,0
21663,1,1,1
21664,1,1,1
21665,1,1,1
21666,1,1,0
21667,1,1,1
21668,1,1,1
21669,1,0,0
21670,0,1,1
21671,0,0,0
21672,0,0,0
21673,1,1,1
21674,1,0,0
21675,1,0,0
21676,0,0,0
21677,0,1,1
21678,1,1,1
21679,0,0,0
21680,1,0,0
21681,0,1,1
21682,1,1,1
21683,1,1,1
21684,1,1,1
21685,0,1,1
21686,1,1,1
21687,1,1,1
21688,1,1,1
21689,0,1,1
21690,0,1,1
21691,1,0,1
21692,0,1,1
21693,0,0,0
21694,1,0,0
21695,0,1,0
21696,0,0,0
21697,0,0,0
21698,0,0,0
21699,0,1,1
21700,1,1,1
21701,0,0,0
21702,1,0,0
21703,0,0,0
21704,1,1,1
21705,1,1,1
21706,0,0,0
21707,1,1,1
21708,0,1,0
21709,1,1,1
21710,0,0,0
21711,1,0,1
21712,1,1,0
21713,1,1,1
21714,1,1,1
21715,1,0,1
21716,0,0,0
21717,0,0,0
21718,0,1,1
21719,0,0,0
21720,0,0,0
21721,1,1,1
21722,0,1,1
21723,0,1,1
21724,1,0,0
21725,0,1,1
21726,1,1,1
21727,0,0,0
21728,1,0,1
21729,1,1,1
21730,1,1,1
21731,1,0,0
21732,1,1,1
21733,1,1,1
21734,0,0,0
21735,1,1,0
21736,0,0,0
21737,0,0,0
21738,0,1,1
21739,1,0,0
21740,1,1,1
21741,1,1,1
21742,1,1,1
21743,0,1,1
21744,0,1,1
21745,1,0,0
21746,1,1,1
21747,1,1,1
21748,0,1,1
21749,1,1,1
21750,0,1,1
21751,0,0,0
21752,1,0,0
21753,1,1,0
21754,1,0,0
21755,0,0,0
21756,1,1,1
21757,0,1,1
21758,1,0,1
21759,0,0,0
21760,0,1,1
21761,0,0,0
21762,1,1,1
21763,1,1,0
21764,0,0,0
21765,1,1,0
21766,1,1,1
21767,1,0,1
21768,0,0,0
21769,0,1,1
21770,0,0,0
21771,0,0,0
21772,0,0,0
21773,1,0,0
21774,0,1,1
21775,0,0,0
21776,1,0,0
21777,1,0,0
21778,1,1,1
21779,0,0,0
21780,0,0,0
21781,0,0,0
21782,1,1,1
21783,1,1,1
21784,0,1,1
21785,1,1,1
21786,1,0,0
21787,1,0,0
21788,1,0,0
21789,0,1,1
21790,1,1,1
21791,0,0,0
21792,1,0,0
21793,1,1,1
21794,1,1,1
21795,0,0,0
21796,1,1,1
21797,0,0,0
21798,1,1,1
21799,1,0,1
21800,0,0,0
21801,0,1,1
21802,1,1,1
21803,1,1,1
21804,0,0,0
21805,0,0,0
21806,1,0,0
21807,1,1,1
21808,0,1,1
21809,1,1,1
21810,1,1,1
21811,1,1,0
21812,0,0,0
21813,1,0,0
21814,1,1,1
21815,0,0,0
21816,1,1,1
21817,1,0,0
21818,0,1,1
21819,1,0,1
21820,0,0,0
21821,1,1,1
21822,1,0,0
21823,0,0,0
21824,1,1,1
21825,1,0,1
21826,1,1,1
21827,0,1,1
21828,1,1,1
21829,1,1,1
21830,1,1,0
21831,1,1,1
21832,0,1,1
21833,0,1,1
21834,1,1,1
21835,1,1,1
21836,1,0,0
21837,1,1,1
21838,1,0,0
21839,1,1,1
21840,0,1,1
21841,0,1,1
21842,0,0,0
21843,1,0,1
21844,1,1,1
21845,1,0,0
21846,1,0,0
21847,1,1,1
21848,1,1,1
21849,0,1,1
21850,1,1,1
21851,1,0,0
21852,1,0,0
21853,1,1,1
21854,1,1,1
21855,0,1,0
21856,1,0,0
21857,1,1,1
21858,0,0,0
21859,0,0,0
21860,0,0,0
21861,1,1,0
21862,1,1,1
21863,0,1,1
21864,0,0,0
21865,1,1,1
21866,0,1,0
21867,0,0,0
21868,1,0,0
21869,1,1,0
21870,1,1,1
21871,0,0,0
21872,0,0,0
21873,0,1,1
21874,1,1,1
21875,1,1,1
21876,1,0,0
21877,1,0,0
21878,1,1,1
21879,1,1,1
21880,1,0,0
21881,1,1,1
21882,1,1,1
21883,0,0,0
21884,1,1,0
21885,1,0,0
21886,1,0,0
21887,0,0,0
21888,1,1,1
21889,0,0,0
21890,0,1,1
21891,1,0,0
21892,1,0,1
21893,0,0,0
21894,0,0,0
21895,1,0,1
21896,1,1,1
21897,0,0,0
21898,1,0,0
21899,1,0,0
21900,1,0,0
21901,0,1,1
21902,1,1,1
21903,0,1,1
21904,1,1,1
21905,1,1,1
21906,0,1,1
21907,1,1,1
21908,0,1,0
21909,0,0,0
21910,0,1,0
21911,1,0,0
21912,0,0,0
21913,0,0,0
21914,1,1,1
21915,1,1,1
21916,0,1,1
21917,1,0,0
21918,0,0,0
21919,0,0,0
21920,1,1,0
21921,1,0,0
21922,0,0,0
21923,1,0,0
21924,0,0,0
21925,1,0,0
21926,1,0,1
21927,0,1,1
21928,0,1,1
21929,1,1,1
21930,1,1,1
21931,1,1,1
21932,1,1,1
21933,0,1,0
21934,1,1,1
21935,1,0,0
21936,1,1,1
21937,0,1,1
21938,1,1,1
21939,1,1,1
21940,1,1,1
21941,0,0,0
21942,1,0,0
21943,1,1,1
21944,1,1,1
21945,1,1,1
21946,0,1,1
21947,0,1,1
21948,1,0,0
21949,1,0,0
21950,0,1,1
21951,1,1,1
21952,1,1,1
21953,1,0,0
21954,1,1,1
21955,0,1,1
21956,0,0,0
21957,0,1,0
21958,1,0,0
21959,1,0,0
21960,1,1,1
21961,0,0,0
21962,0,0,0
21963,1,1,0
21964,1,0,0
21965,1,0,1
21966,0,1,1
21967,0,0,0
21968,0,0,1
21969,0,1,1
21970,0,0,1
21971,0,1,1
21972,0,0,0
21973,0,0,0
21974,1,1,1
21975,1,1,1
21976,1,1,1
21977,0,0,0
21978,0,1,1
21979,1,0,0
21980,1,0,0
21981,1,1,1
21982,0,0,0
21983,0,0,0
21984,1,1,1
21985,1,1,1
21986,1,0,0
21987,1,1,0
21988,0,0,0
21989,1,0,1
21990,1,1,1
21991,0,0,0
21992,1,1,1
21993,1,1,1
21994,1,1,1
21995,1,1,0
21996,0,0,0
21997,1,0,1
21998,0,0,0
21999,0,0,0
22000,0,0,0
22001,1,1,1
22002,1,1,1
22003,0,1,1
22004,1,1,1
22005,0,1,1
22006,1,1,1
22007,1,0,0
22008,0,0,0
22009,1,0,0
22010,0,0,1
22011,1,1,1
22012,1,0,0
22013,0,0,0
22014,1,0,0
22015,0,0,0
22016,1,0,1
22017,0,0,0
22018,0,0,0
22019,1,1,1
22020,0,1,1
22021,0,1,1
22022,0,0,0
22023,1,1,1
22024,1,0,0
22025,1,0,0
22026,1,1,1
22027,1,1,1
22028,1,0,0
22029,0,1,1
22030,1,1,1
22031,1,1,1
22032,1,0,1
22033,1,1,1
22034,1,1,1
22035,0,0,1
22036,0,0,0
22037,1,0,1
22038,0,1,1
22039,0,0,0
22040,0,0,0
22041,1,1,1
22042,1,1,1
22043,1,0,1
22044,0,0,0
22045,1,1,1
22046,1,1,1
22047,0,0,0
22048,0,1,0
22049,1,1,1
22050,1,0,0
22051,0,0,0
22052,0,0,0
22053,1,1,1
22054,1,1,1
22055,0,1,0
22056,0,1,1
22057,0,1,1
22058,0,1,0
22059,1,1,1
22060,1,0,0
22061,1,1,1
22062,0,1,0
22063,0,0,0
22064,1,0,0
22065,0,1,1
22066,0,1,1
22067,1,0,0
22068,1,1,1
22069,1,1,1
22070,0,1,1
22071,1,1,1
22072,0,0,0
22073,1,0,0
22074,1,1,1
22075,0,0,1
22076,1,0,0
22077,1,0,0
22078,0,0,0
22079,0,0,0
22080,1,1,1
22081,0,1,1
22082,0,0,0
22083,0,0,0
22084,0,0,0
22085,1,0,1
22086,0,0,1
22087,1,1,1
22088,1,0,0
22089,1,1,1
22090,1,1,1
22091,0,0,0
22092,1,1,1
22093,1,1,1
22094,1,0,0
22095,1,0,0
22096,1,1,1
22097,0,0,0
22098,1,0,0
22099,0,0,1
22100,1,0,0
22101,1,0,0
22102,1,1,0
22103,0,0,1
22104,1,1,1
22105,1,0,0
22106,0,0,0
22107,0,0,0
22108,1,1,0
22109,0,0,0
22110,0,1,1
22111,1,1,1
22112,1,1,1
22113,1,1,1
22114,1,0,0
22115,0,1,1
22116,0,0,0
22117,0,0,0
22118,1,0,0
22119,0,0,0
22120,1,1,1
22121,1,1,1
22122,1,1,1
22123,1,0,1
22124,1,1,0
22125,1,0,0
22126,1,1,1
22127,1,1,1
22128,1,0,0
22129,1,0,0
22130,1,1,1
22131,1,1,1
22132,0,0,0
22133,1,1,1
22134,0,0,0
22135,0,0,0
22136,1,0,0
22137,1,0,1
22138,1,0,0
22139,1,0,0
22140,0,0,0
22141,0,0,1
22142,0,1,1
22143,1,0,0
22144,1,1,1
22145,1,0,0
22146,0,1,0
22147,1,1,1
22148,0,0,1
22149,0,1,1
22150,0,0,0
22151,0,0,1
22152,1,1,1
22153,1,0,0
22154,0,0,1
22155,0,1,0
22156,0,0,0
22157,0,1,1
22158,0,1,1
22159,0,1,1
22160,0,1,1
22161,0,1,1
22162,0,0,0
22163,0,0,0
22164,0,0,0
22165,0,1,1
22166,1,1,1
22167,1,0,0
22168,1,1,1
22169,1,1,1
22170,0,0,0
22171,0,0,0
22172,0,1,1
22173,0,0,0
22174,1,1,1
22175,0,0,0
22176,0,0,0
22177,1,0,0
22178,1,1,1
22179,0,0,0
22180,1,0,0
22181,1,1,1
22182,0,0,0
22183,0,0,0
22184,1,1,1
22185,1,1,1
22186,1,1,1
22187,0,0,0
22188,0,0,0
22189,1,0,0
22190,1,1,1
22191,0,0,0
22192,1,1,0
22193,1,1,1
22194,1,0,0
22195,1,1,1
22196,0,0,0
22197,1,1,1
22198,1,1,1
22199,0,0,0
22200,0,0,0
22201,0,0,0
22202,1,0,0
22203,1,1,0
22204,1,1,1
22205,0,0,0
22206,0,1,1
22207,0,0,0
22208,0,1,1
22209,1,1,1
22210,0,0,0
22211,1,1,1
22212,0,1,1
22213,1,1,1
22214,0,1,1
22215,0,0,0
22216,1,0,1
22217,0,1,1
22218,0,0,1
22219,0,1,1
22220,0,0,0
22221,0,0,0
22222,0,1,1
22223,1,1,1
22224,0,1,1
22225,1,1,1
22226,0,0,0
22227,0,0,0
22228,1,1,1
22229,1,1,1
22230,1,1,1
22231,1,1,1
22232,0,0,0
22233,1,0,0
22234,0,0,0
22235,0,0,0
22236,1,1,1
22237,0,1,1
22238,1,1,1
22239,0,1,0
22240,1,0,0
22241,0,0,0
22242,1,1,1
22243,0,0,0
22244,1,1,1
22245,0,1,1
22246,0,1,1
22247,0,0,0
22248,1,1,1
22249,0,0,0
22250,1,1,1
22251,0,0,0
22252,1,1,1
22253,1,0,0
22254,0,0,0
22255,0,0,0
22256,1,1,1
22257,1,0,0
22258,1,1,1
22259,1,1,1
22260,0,1,1
22261,1,0,0
22262,1,1,1
22263,1,0,0
22264,1,1,0
22265,1,1,1
22266,0,1,0
22267,1,0,0
22268,0,1,1
22269,0,0,0
22270,0,0,1
22271,0,0,0
22272,1,1,0
22273,0,1,1
22274,0,0,0
22275,0,1,1
22276,1,1,1
22277,0,0,0
22278,1,1,1
22279,0,1,1
22280,0,0,0
22281,0,0,0
22282,0,1,1
22283,1,1,1
22284,0,0,0
22285,1,1,0
22286,1,1,1
22287,0,0,0
22288,0,0,0
22289,1,1,1
22290,0,0,0
22291,0,0,0
22292,0,1,0
22293,1,0,0
22294,1,0,0
22295,0,1,1
22296,1,1,0
22297,1,0,0
22298,0,1,0
22299,0,1,0
22300,0,1,1
22301,1,1,1
22302,0,0,0
22303,0,0,1
22304,1,1,1
22305,1,1,1
22306,0,1,1
22307,1,1,1
22308,0,0,0
22309,1,0,0
22310,1,0,0
22311,1,0,1
22312,1,0,0
22313,1,1,0
22314,1,1,1
22315,0,1,1
22316,0,1,1
22317,1,0,0
22318,0,0,0
22319,1,1,1
22320,0,0,0
22321,1,1,1
22322,1,1,0
22323,1,1,0
22324,0,0,0
22325,1,1,1
22326,1,1,1
22327,0,0,0
22328,0,0,1
22329,1,1,1
22330,0,1,1
22331,1,1,1
22332,1,0,0
22333,1,1,0
22334,1,1,1
22335,0,0,0
22336,0,0,0
22337,0,0,0
22338,1,1,1
22339,1,1,0
22340,0,0,0
22341,0,0,0
22342,1,1,1
22343,0,0,1
22344,1,0,0
22345,0,0,0
22346,1,1,1
22347,1,1,1
22348,1,1,0
22349,1,0,0
22350,0,1,1
22351,0,0,0
22352,0,1,1
22353,1,1,1
22354,1,1,0
22355,0,0,0
22356,1,1,1
22357,0,1,1
22358,1,1,1
22359,1,1,1
22360,1,1,0
22361,0,0,0
22362,1,0,0
22363,0,0,0
22364,1,1,1
22365,0,1,1
22366,1,1,1
22367,0,0,1
22368,0,0,0
22369,0,0,0
22370,0,1,1
22371,1,1,1
22372,1,1,0
22373,1,0,1
22374,0,0,0
22375,0,0,0
22376,1,0,0
22377,1,1,1
22378,0,1,1
22379,0,1,1
22380,0,0,0
22381,0,1,1
22382,1,1,1
22383,1,1,1
22384,1,0,0
22385,1,1,1
22386,0,1,1
22387,0,1,1
22388,0,0,0
22389,1,1,1
22390,1,0,0
22391,0,1,1
22392,0,0,0
22393,0,1,0
22394,0,0,0
22395,1,1,1
22396,1,0,0
22397,0,1,1
22398,0,0,0
22399,1,1,1
22400,0,0,0
22401,0,1,1
22402,1,0,0
22403,1,1,1
22404,0,1,1
22405,1,1,0
22406,1,1,1
22407,1,1,1
22408,0,0,0
22409,1,0,1
22410,0,0,0
22411,0,1,0
22412,1,1,1
22413,0,0,0
22414,1,1,0
22415,0,1,1
22416,0,0,0
22417,1,1,1
22418,1,1,1
22419,1,1,1
22420,0,0,0
22421,0,0,0
22422,0,0,0
22423,1,0,0
22424,0,0,1
22425,0,1,1
22426,0,0,0
22427,1,1,1
22428,0,1,1
22429,1,0,0
22430,0,0,0
22431,0,1,1
22432,1,1,1
22433,0,1,1
22434,0,1,1
22435,1,1,0
22436,0,0,0
22437,1,1,1
22438,1,1,1
22439,0,0,0
22440,1,1,1
22441,1,1,1
22442,1,1,1
22443,0,0,0
22444,1,1,1
22445,0,0,0
22446,0,0,0
22447,0,1,1
22448,0,1,1
22449,1,1,1
22450,1,1,1
22451,1,1,1
22452,1,0,1
22453,1,0,0
22454,0,1,0
22455,1,1,1
22456,1,1,1
22457,1,0,0
22458,0,0,0
22459,0,0,0
22460,0,0,0
22461,1,1,1
22462,0,0,0
22463,1,0,0
22464,0,0,0
22465,1,1,1
22466,1,0,1
22467,1,1,1
22468,1,0,0
22469,1,0,0
22470,0,0,0
22471,1,1,1
22472,1,1,1
22473,0,1,1
22474,0,0,0
22475,1,1,0
22476,0,1,0
22477,1,1,0
22478,1,1,1
22479,0,0,0
22480,1,1,1
22481,1,1,1
22482,1,1,1
22483,1,0,1
22484,0,0,1
22485,1,0,0
22486,1,1,1
22487,1,0,1
22488,0,0,0
22489,1,0,1
22490,0,0,0
22491,1,1,0
22492,0,0,0
22493,0,0,0
22494,1,1,1
22495,0,0,0
22496,0,0,0
22497,0,0,0
22498,1,1,1
22499,0,0,0
22500,0,0,1
22501,1,0,1
22502,1,1,0
22503,0,0,0
22504,0,0,0
22505,0,0,0
22506,0,1,1
22507,0,1,1
22508,1,1,1
22509,1,1,1
22510,1,1,0
22511,0,0,0
22512,0,0,0
22513,1,0,0
22514,1,1,1
22515,1,0,0
22516,1,1,1
22517,1,1,1
22518,1,0,0
22519,1,1,1
22520,1,0,0
22521,0,1,1
22522,1,1,1
22523,1,0,0
22524,1,1,1
22525,0,0,0
22526,1,0,1
22527,0,1,1
22528,0,0,0
22529,1,1,1
22530,1,1,0
22531,1,1,1
22532,1,1,1
22533,1,1,1
22534,1,1,1
22535,0,0,0
22536,0,0,0
22537,0,1,1
22538,0,1,1
22539,1,0,1
22540,0,0,0
22541,1,1,0
22542,1,0,0
22543,1,0,0
22544,1,1,0
22545,0,0,0
22546,0,0,0
22547,1,1,1
22548,1,0,1
22549,1,1,1
22550,0,0,0
22551,0,0,0
22552,0,0,0
22553,0,0,0
22554,0,1,1
22555,0,0,0
22556,1,0,0
22557,1,1,1
22558,1,0,0
22559,0,1,1
22560,1,0,0
22561,0,0,0
22562,1,1,1
22563,0,1,0
22564,0,1,1
22565,0,0,0
22566,0,0,0
22567,1,0,0
22568,0,1,1
22569,0,0,0
22570,0,0,0
22571,1,1,0
22572,0,1,1
22573,1,1,1
22574,1,1,1
22575,0,1,1
22576,1,1,1
22577,0,0,0
22578,0,1,1
22579,1,1,1
22580,0,0,0
22581,0,0,0
22582,0,1,1
22583,1,0,0
22584,1,0,0
22585,1,1,1
22586,0,0,0
22587,0,1,1
22588,1,0,0
22589,1,0,0
22590,0,0,0
22591,1,1,1
22592,0,0,0
22593,0,0,0
22594,0,0,0
22595,0,0,0
22596,0,0,0
22597,1,1,1
22598,0,0,0
22599,0,0,0
22600,1,1,1
22601,0,1,1
22602,0,0,0
22603,1,0,0
22604,1,0,0
22605,1,0,0
22606,0,1,0
22607,0,0,0
22608,1,0,0
22609,0,0,0
22610,0,1,1
22611,1,1,1
22612,0,0,0
22613,1,1,1
22614,0,1,1
22615,1,1,1
22616,0,0,0
22617,1,1,1
22618,1,1,0
22619,0,1,1
22620,0,0,0
22621,1,1,1
22622,1,1,0
22623,0,0,0
22624,0,0,0
22625,1,1,1
22626,1,0,0
22627,0,0,0
22628,1,1,1
22629,1,1,1
22630,1,1,1
22631,0,0,0
22632,1,1,1
22633,0,0,0
22634,0,0,1
22635,1,0,0
22636,1,1,1
22637,1,1,0
22638,0,0,0
22639,1,0,0
22640,1,1,1
22641,0,0,0
22642,0,0,1
22643,1,0,0
22644,1,0,0
22645,0,1,1
22646,0,0,0
22647,1,1,1
22648,0,1,1
22649,1,1,1
22650,1,1,1
22651,1,1,1
22652,1,0,0
22653,1,1,1
22654,1,1,1
22655,1,1,1
22656,0,0,0
22657,1,1,1
22658,0,0,0
22659,0,0,0
22660,1,0,0
22661,1,1,1
22662,0,1,1
22663,1,1,1
22664,1,0,0
22665,1,1,1
22666,1,1,1
22667,1,0,0
22668,0,0,0
22669,1,1,1
22670,1,0,0
22671,1,1,0
22672,1,1,1
22673,0,1,1
22674,1,1,1
22675,1,1,1
22676,1,1,1
22677,1,1,1
22678,0,0,0
22679,1,1,1
22680,1,0,1
22681,0,1,1
22682,1,0,0
22683,0,0,0
22684,0,1,1
22685,1,0,0
22686,1,0,0
22687,0,0,0
22688,0,0,1
22689,1,1,1
22690,1,0,0
22691,0,0,0
22692,1,1,1
22693,1,0,0
22694,1,0,0
22695,0,1,1
22696,0,1,0
22697,1,1,1
22698,0,1,1
22699,1,1,1
22700,0,0,1
22701,1,1,1
22702,1,0,0
22703,0,0,0
22704,1,0,1
22705,1,1,1
22706,1,0,0
22707,1,1,1
22708,0,1,1
22709,0,1,1
22710,1,0,0
22711,0,0,0
22712,0,0,0
22713,1,1,0
22714,0,0,0
22715,0,0,0
22716,1,1,1
22717,0,0,0
22718,1,0,0
22719,1,1,1
22720,0,0,0
22721,0,0,0
22722,0,1,1
22723,1,0,0
22724,0,1,0
22725,0,0,0
22726,0,0,0
22727,1,0,0
22728,1,0,0
22729,1,1,1
22730,1,1,1
22731,1,0,0
22732,0,1,1
22733,1,1,1
22734,1,1,1
22735,0,0,0
22736,1,1,0
22737,0,1,1
22738,0,0,0
22739,0,1,1
22740,1,0,0
22741,1,1,1
22742,1,0,0
22743,1,0,0
22744,0,0,0
22745,1,1,1
22746,1,1,0
22747,0,1,1
22748,1,0,0
22749,1,1,1
22750,0,1,0
22751,1,0,0
22752,1,0,0
22753,1,1,1
22754,0,0,1
22755,0,1,1
22756,0,0,0
22757,0,0,0
22758,0,1,0
22759,1,1,1
22760,1,0,1
22761,1,1,1
22762,1,1,1
22763,0,0,0
22764,1,0,1
22765,0,0,0
22766,0,0,0
22767,0,0,0
22768,0,0,0
22769,1,1,1
22770,1,1,0
22771,1,1,0
22772,1,1,1
22773,0,0,0
22774,1,1,1
22775,0,0,0
22776,0,0,0
22777,0,1,1
22778,0,0,0
22779,1,1,1
22780,0,1,1
22781,1,0,0
22782,0,1,0
22783,1,1,0
22784,1,1,1
22785,1,1,0
22786,0,0,1
22787,0,0,0
22788,1,0,0
22789,1,1,1
22790,1,1,1
22791,1,0,1
22792,1,1,1
22793,0,1,1
22794,0,0,0
22795,0,1,1
22796,1,1,1
22797,0,0,0
22798,1,0,0
22799,0,1,1
22800,1,0,0
22801,1,1,1
22802,0,1,1
22803,1,0,1
22804,0,0,1
22805,0,1,1
22806,1,1,1
22807,0,0,0
22808,0,1,1
22809,1,1,1
22810,0,0,0
22811,1,1,1
22812,0,0,0
22813,1,1,1
22814,0,0,0
22815,0,1,1
22816,0,0,0
22817,0,0,1
22818,1,1,1
22819,1,1,0
22820,0,0,1
22821,1,1,1
22822,1,1,0
22823,0,0,0
22824,1,1,1
22825,0,0,0
22826,0,0,0
22827,1,1,1
22828,0,1,1
22829,1,1,1
22830,0,0,0
22831,1,1,1
22832,0,0,0
22833,1,1,0
22834,1,0,0
22835,1,1,0
22836,1,1,1
22837,1,1,1
22838,0,1,1
22839,1,1,1
22840,1,1,1
22841,1,1,0
22842,1,1,1
22843,0,0,1
22844,1,1,1
22845,0,0,1
22846,1,0,1
22847,1,1,1
22848,1,0,0
22849,1,1,1
22850,1,0,0
22851,0,0,0
22852,0,1,1
22853,0,0,0
22854,0,1,1
22855,1,1,1
22856,0,0,0
22857,0,0,0
22858,1,0,0
22859,0,0,0
22860,0,0,0
22861,1,1,1
22862,0,1,1
22863,0,1,1
22864,0,0,0
22865,0,0,0
22866,1,1,1
22867,0,0,0
22868,0,1,1
22869,1,0,0
22870,0,1,1
22871,0,1,1
22872,0,0,0
22873,0,0,0
22874,0,0,0
22875,1,1,1
22876,1,1,1
22877,0,1,0
22878,0,0,0
22879,0,1,1
22880,1,1,1
22881,0,0,0
22882,1,0,1
22883,0,0,0
22884,0,1,1
22885,1,0,0
22886,0,0,1
22887,1,1,1
22888,0,0,0
22889,0,0,0
22890,0,1,1
22891,1,1,1
22892,1,1,0
22893,1,0,0
22894,0,1,1
22895,1,1,1
22896,0,0,0
22897,1,1,1
22898,1,0,0
22899,1,0,1
22900,1,1,1
22901,0,0,1
22902,1,1,1
22903,1,1,1
22904,0,0,0
22905,0,0,0
22906,1,0,1
22907,0,1,1
22908,1,1,1
22909,1,0,0
22910,1,1,1
22911,0,0,0
22912,0,1,1
22913,1,1,1
22914,1,1,1
22915,1,0,0
22916,0,0,0
22917,1,1,1
22918,0,0,0
22919,1,1,1
22920,1,1,1
22921,1,1,1
22922,0,0,0
22923,0,1,1
22924,0,0,0
22925,1,1,1
22926,0,1,1
22927,0,1,1
22928,1,1,0
22929,0,0,0
22930,1,1,1
22931,0,0,1
22932,0,1,1
22933,0,0,0
22934,1,1,1
22935,0,1,1
22936,0,1,1
22937,0,1,1
22938,1,1,1
22939,0,0,0
22940,1,0,0
22941,1,0,0
22942,1,1,1
22943,0,1,1
22944,1,0,0
22945,1,1,1
22946,0,0,0
22947,1,0,0
22948,1,1,1
22949,1,1,1
22950,1,1,1
22951,0,1,1
22952,1,0,1
22953,0,0,0
22954,1,1,1
22955,1,0,0
22956,1,1,1
22957,1,0,0
22958,0,0,0
22959,0,0,1
22960,1,1,1
22961,1,1,1
22962,0,0,0
22963,0,0,0
22964,1,1,1
22965,1,1,1
22966,1,0,1
22967,0,0,0
22968,0,0,0
22969,0,0,0
22970,1,1,1
22971,1,0,0
22972,1,1,1
22973,1,1,1
22974,0,1,1
22975,0,0,0
22976,1,0,1
22977,0,0,0
22978,1,1,0
22979,0,0,0
22980,1,1,1
22981,0,0,0
22982,0,0,1
22983,1,1,1
22984,1,0,0
22985,1,0,0
22986,1,1,1
22987,0,1,1
22988,1,1,1
22989,1,1,1
22990,1,0,1
22991,1,1,1
22992,0,0,0
22993,1,0,0
22994,1,0,0
22995,1,1,1
22996,1,1,1
22997,1,1,1
22998,1,1,1
22999,1,1,1
23000,1,0,0
23001,1,0,0
23002,1,0,0
23003,1,1,1
23004,0,1,1
23005,1,1,1
23006,1,1,1
23007,0,1,1
23008,0,0,0
23009,1,1,0
23010,0,0,0
23011,1,1,1
23012,0,1,1
23013,1,0,0
23014,0,1,1
23015,1,1,1
23016,0,1,1
23017,0,0,0
23018,0,0,0
23019,0,0,0
23020,0,0,0
23021,0,1,1
23022,1,0,0
23023,0,0,0
23024,1,1,1
23025,0,0,0
23026,1,1,1
23027,0,1,1
23028,1,0,0
23029,1,0,0
23030,0,0,0
23031,0,0,0
23032,1,1,1
23033,0,0,0
23034,1,0,1
23035,0,1,1
23036,1,1,1
23037,1,1,0
23038,1,0,0
23039,0,0,0
23040,1,1,1
23041,1,1,1
23042,0,1,1
23043,1,0,0
23044,1,1,1
23045,0,0,0
23046,0,1,1
23047,0,0,0
23048,1,1,0
23049,0,0,0
23050,1,0,0
23051,1,1,1
23052,0,0,0
23053,0,0,0
23054,1,1,0
23055,1,1,1
23056,1,1,0
23057,1,1,1
23058,1,1,1
23059,0,0,0
23060,0,0,0
23061,0,0,0
23062,1,0,0
23063,0,0,0
23064,0,1,1
23065,1,1,1
23066,1,1,1
23067,0,0,0
23068,1,0,0
23069,0,0,0
23070,0,0,1
23071,0,0,0
23072,0,1,1
23073,1,0,0
23074,0,0,0
23075,1,0,0
23076,1,1,1
23077,1,0,0
23078,1,0,0
23079,0,0,0
23080,1,0,0
23081,0,1,1
23082,0,0,0
23083,1,0,0
23084,0,0,0
23085,1,0,0
23086,1,1,1
23087,1,0,0
23088,0,0,0
23089,1,1,1
23090,0,0,0
23091,1,1,1
23092,0,0,0
23093,0,0,1
23094,1,0,0
23095,0,0,0
23096,0,1,1
23097,0,0,0
23098,1,1,0
23099,0,0,0
23100,0,0,0
23101,0,1,0
23102,0,0,0
23103,0,0,0
23104,1,0,0
23105,0,0,0
23106,0,0,0
23107,1,0,1
23108,0,1,1
23109,1,1,1
23110,1,0,0
23111,1,0,0
23112,0,0,1
23113,0,1,1
23114,1,1,1
23115,1,1,1
23116,0,0,0
23117,0,0,0
23118,1,1,1
23119,1,1,1
23120,1,0,0
23121,0,1,1
23122,1,1,1
23123,1,1,1
23124,1,0,0
23125,1,0,0
23126,1,0,0
23127,1,0,0
23128,1,1,1
23129,0,1,1
23130,1,1,1
23131,0,1,1
23132,0,0,0
23133,0,0,0
23134,0,1,1
23135,1,1,1
23136,1,0,0
23137,1,1,1
23138,0,1,1
23139,0,0,0
23140,1,1,1
23141,0,0,0
23142,1,0,0
23143,1,1,1
23144,0,0,0
23145,0,0,0
23146,0,0,0
23147,0,0,0
23148,0,1,1
23149,0,0,0
23150,1,1,1
23151,0,0,1
23152,1,1,1
23153,1,1,1
23154,0,1,1
23155,0,0,0
23156,1,1,1
23157,1,1,1
23158,0,0,0
23159,1,0,0
23160,0,0,0
23161,0,0,0
23162,0,0,0
23163,1,1,1
23164,0,0,0
23165,0,1,1
23166,1,0,0
23167,1,1,1
23168,1,1,1
23169,0,0,0
23170,0,1,1
23171,1,1,0
23172,1,0,0
23173,0,0,0
23174,1,1,0
23175,0,1,1
23176,0,1,1
23177,1,0,1
23178,1,0,0
23179,1,1,1
23180,1,0,0
23181,1,0,0
23182,1,0,0
23183,1,1,0
23184,0,0,0
23185,1,0,0
23186,1,1,1
23187,0,1,1
23188,0,0,1
23189,1,1,1
23190,1,1,1
23191,1,0,0
23192,1,0,0
23193,1,1,1
23194,1,1,1
23195,0,0,0
23196,1,0,0
23197,0,0,0
23198,0,0,0
23199,0,1,1
23200,1,0,1
23201,0,0,0
23202,1,0,0
23203,1,0,1
23204,1,1,1
23205,1,0,0
23206,1,1,1
23207,0,0,0
23208,1,0,0
23209,1,1,1
23210,1,0,0
23211,1,0,1
23212,1,0,1
23213,1,1,1
23214,1,0,1
23215,0,0,0
23216,1,1,1
23217,1,1,1
23218,1,0,0
23219,0,0,0
23220,0,0,0
23221,0,1,1
23222,0,0,0
23223,0,1,1
23224,0,1,1
23225,0,1,1
23226,0,0,0
23227,0,0,0
23228,0,1,1
23229,0,1,1
23230,0,1,1
23231,1,1,1
23232,1,1,1
23233,1,0,0
23234,1,0,0
23235,1,1,1
23236,1,0,0
23237,0,0,0
23238,0,1,1
23239,0,0,0
23240,0,1,1
23241,0,1,1
23242,0,0,0
23243,1,1,0
23244,0,0,1
23245,1,1,1
23246,0,1,1
23247,1,1,1
23248,1,1,1
23249,1,1,1
23250,0,0,0
23251,1,0,0
23252,0,0,0
23253,1,0,0
23254,1,1,1
23255,1,1,1
23256,1,0,0
23257,1,0,0
23258,0,0,0
23259,1,0,0
23260,0,0,0
23261,0,0,0
23262,0,1,1
23263,0,0,0
23264,0,0,1
23265,0,1,1
23266,0,0,0
23267,0,1,1
23268,1,1,1
23269,1,1,1
23270,0,0,0
23271,1,0,0
23272,1,0,0
23273,1,1,1
23274,0,1,1
23275,1,0,0
23276,1,0,1
23277,1,1,1
23278,1,1,1
23279,1,0,0
23280,1,1,1
23281,1,0,0
23282,0,0,1
23283,1,1,1
23284,1,0,0
23285,0,0,0
23286,1,1,1
23287,1,0,0
23288,0,0,0
23289,0,0,1
23290,1,1,1
23291,0,0,0
23292,0,0,0
23293,0,1,1
23294,0,0,0
23295,0,1,1
23296,0,0,0
23297,0,0,0
23298,1,0,0
23299,0,1,1
23300,0,0,0
23301,1,1,1
23302,1,1,1
23303,1,1,0
23304,1,1,1
23305,0,1,1
23306,1,1,0
23307,0,1,1
23308,0,0,0
23309,0,0,0
23310,1,0,0
23311,1,0,0
23312,1,1,1
23313,1,1,1
23314,1,0,0
23315,0,0,0
23316,1,1,1
23317,0,0,0
23318,1,1,1
23319,0,0,0
23320,1,1,1
23321,1,0,0
23322,0,0,0
23323,1,1,0
23324,1,1,1
23325,1,1,1
23326,1,1,1
23327,1,1,1
23328,1,1,1
23329,1,1,1
23330,0,1,1
23331,0,1,1
23332,1,1,1
23333,0,0,0
23334,1,0,1
23335,1,1,0
23336,0,0,0
23337,0,0,0
23338,1,1,1
23339,1,0,1
23340,1,1,1
23341,1,0,1
23342,1,0,1
23343,1,1,1
23344,1,1,1
23345,1,1,1
23346,0,0,0
23347,1,1,1
23348,0,0,0
23349,0,1,1
23350,1,0,0
23351,0,1,1
23352,0,0,0
23353,1,1,1
23354,1,1,1
23355,1,0,0
23356,1,1,1
23357,1,1,1
23358,1,0,0
23359,0,1,1
23360,1,0,0
23361,1,1,1
23362,1,1,1
23363,1,0,0
23364,0,0,0
23365,0,0,0
23366,1,0,1
23367,1,1,1
23368,1,1,1
23369,0,1,1
23370,1,0,1
23371,0,0,0
23372,1,1,1
23373,1,1,1
23374,0,1,1
23375,1,1,1
23376,0,1,1
23377,1,0,0
23378,1,0,0
23379,0,1,1
23380,1,0,0
23381,0,1,1
23382,0,0,0
23383,1,1,1
23384,1,0,0
23385,1,1,1
23386,0,1,0
23387,0,0,0
23388,0,1,1
23389,0,0,0
23390,1,1,1
23391,1,1,1
23392,1,0,0
23393,1,1,1
23394,1,1,1
23395,1,0,0
23396,1,0,1
23397,1,1,1
23398,1,1,1
23399,0,1,1
23400,0,1,1
23401,0,0,0
23402,1,1,1
23403,1,1,1
23404,1,1,1
23405,0,0,0
23406,0,0,0
23407,0,1,1
23408,1,1,0
23409,1,1,1
23410,1,1,0
23411,1,1,1
23412,0,0,0
23413,0,0,0
23414,0,0,0
23415,1,1,0
23416,1,0,0
23417,0,0,0
23418,1,1,1
23419,0,0,0
23420,1,0,0
23421,1,0,0
23422,1,1,0
23423,1,1,1
23424,1,1,1
23425,0,1,1
23426,1,0,1
23427,1,0,0
23428,1,1,1
23429,0,1,1
23430,0,0,0
23431,1,1,1
23432,0,1,1
23433,0,1,1
23434,1,1,0
23435,1,0,0
23436,0,1,1
23437,1,1,1
23438,0,0,1
23439,0,0,0
23440,1,1,1
23441,0,0,0
23442,1,1,1
23443,1,0,1
23444,0,0,1
23445,1,1,1
23446,1,1,1
23447,1,1,1
23448,0,0,0
23449,0,0,0
23450,1,1,0
23451,0,0,0
23452,1,1,1
23453,0,1,1
23454,0,1,1
23455,1,0,0
23456,1,1,1
23457,1,1,0
23458,1,0,0
23459,1,1,1
23460,1,1,1
23461,1,0,0
23462,1,0,0
23463,1,1,1
23464,1,1,1
23465,1,1,1
23466,0,0,1
23467,1,1,1
23468,0,1,1
23469,0,0,0
23470,0,0,0
23471,1,1,1
23472,0,1,1
23473,1,1,1
23474,0,0,0
23475,1,0,1
23476,1,1,1
23477,1,1,1
23478,0,0,1
23479,0,0,0
23480,1,1,1
23481,0,1,1
23482,1,1,1
23483,0,0,0
23484,0,1,0
23485,1,1,1
23486,0,0,0
23487,1,0,1
23488,1,1,1
23489,1,0,1
23490,0,0,0
23491,0,0,0
23492,1,0,0
23493,0,0,0
23494,1,1,1
23495,1,1,1
23496,0,1,1
23497,0,0,0
23498,1,0,0
23499,1,0,1
23500,0,1,1
23501,1,0,0
23502,1,0,0
23503,1,0,1
23504,0,1,1
23505,1,1,1
23506,1,1,1
23507,1,1,1
23508,0,0,0
23509,0,1,1
23510,0,0,0
23511,1,1,0
23512,0,0,0
23513,0,1,1
23514,1,0,1
23515,0,0,0
23516,0,0,0
23517,1,1,1
23518,0,0,0
23519,0,0,0
23520,1,1,1
23521,0,1,1
23522,1,1,1
23523,1,1,1
23524,1,1,1
23525,1,1,0
23526,1,0,0
23527,0,0,0
23528,1,1,1
23529,0,1,1
23530,0,0,1
23531,1,0,0
23532,0,0,0
23533,1,1,0
23534,1,0,0
23535,1,0,0
23536,0,1,1
23537,0,1,1
23538,1,0,1
23539,0,0,0
23540,1,0,0
23541,1,1,0
23542,0,0,1
23543,0,0,0
23544,0,0,0
23545,0,1,1
23546,1,0,0
23547,0,0,0
23548,1,1,1
23549,1,1,1
23550,1,0,0
23551,1,1,1
23552,1,1,1
23553,1,1,1
23554,0,0,0
23555,1,1,1
23556,0,0,0
23557,1,1,1
23558,1,1,1
23559,1,1,1
23560,1,0,0
23561,0,0,0
23562,0,1,0
23563,0,0,0
23564,1,0,0
23565,0,1,1
23566,1,0,0
23567,0,0,0
23568,1,1,1
23569,0,1,1
23570,0,0,0
23571,0,0,0
23572,1,1,1
23573,1,1,1
23574,0,1,1
23575,0,1,1
23576,0,1,1
23577,0,0,0
23578,0,0,1
23579,0,1,1
23580,1,0,0
23581,1,0,0
23582,1,1,1
23583,0,0,1
23584,1,1,1
23585,1,1,1
23586,1,0,0
23587,0,1,1
23588,1,1,1
23589,0,1,1
23590,0,0,0
23591,1,0,0
23592,0,0,0
23593,1,1,1
23594,1,1,0
23595,1,1,1
23596,0,0,0
23597,0,0,0
23598,0,0,0
23599,1,1,0
23600,0,0,0
23601,0,1,1
23602,1,0,0
23603,0,0,0
23604,0,1,1
23605,0,0,0
23606,1,0,0
23607,0,0,0
23608,0,0,0
23609,1,0,0
23610,1,1,1
23611,1,0,0
23612,1,1,1
23613,1,0,0
23614,1,1,1
23615,0,1,1
23616,1,0,0
23617,1,1,1
23618,0,0,0
23619,0,1,1
23620,1,1,1
23621,1,1,1
23622,1,1,1
23623,1,0,0
23624,1,0,0
23625,0,0,0
23626,0,0,0
23627,1,1,1
23628,0,0,0
23629,1,0,0
23630,0,0,0
23631,0,1,1
23632,0,0,0
23633,1,0,0
23634,0,0,0
23635,1,1,1
23636,0,0,0
23637,0,0,1
23638,1,1,1
23639,0,0,0
23640,0,1,1
23641,0,0,0
23642,1,0,1
23643,1,1,1
23644,1,0,0
23645,1,1,1
23646,1,1,1
23647,0,0,0
23648,0,1,1
23649,1,1,1
23650,1,0,0
23651,0,0,0
23652,0,0,0
23653,1,1,1
23654,1,1,1
23655,0,0,0
23656,1,0,0
23657,1,1,0
23658,0,0,0
23659,0,0,0
23660,0,1,1
23661,0,1,1
23662,0,1,0
23663,1,0,0
23664,0,0,0
23665,0,0,0
23666,0,0,0
23667,0,1,1
23668,0,0,0
23669,1,0,0
23670,0,1,1
23671,1,1,1
23672,0,0,0
23673,1,0,0
23674,1,0,0
23675,1,1,1
23676,1,1,1
23677,1,1,1
23678,1,1,1
23679,1,1,1
23680,0,1,1
23681,0,0,0
23682,1,0,0
23683,0,0,0
23684,0,1,1
23685,0,0,0
23686,1,1,1
23687,1,0,0
23688,1,1,1
23689,1,1,1
23690,0,0,0
23691,0,0,0
23692,1,1,1
23693,0,0,0
23694,0,0,0
23695,0,0,0
23696,1,0,0
23697,0,0,0
23698,0,0,0
23699,0,0,0
23700,1,1,1
23701,1,0,0
23702,1,1,1
23703,1,0,0
23704,0,1,1
23705,0,1,1
23706,0,1,1
23707,1,0,1
23708,0,0,0
23709,1,1,1
23710,0,0,0
23711,1,1,1
23712,1,0,0
23713,0,1,1
23714,0,1,1
23715,0,0,0
23716,1,1,1
23717,0,0,0
23718,1,1,1
23719,1,1,1
23720,1,0,0
23721,0,0,1
23722,0,1,1
23723,1,0,1
23724,1,1,1
23725,0,0,0
23726,1,0,0
23727,1,1,1
23728,1,1,1
23729,1,0,1
23730,0,0,0
23731,0,0,0
23732,0,0,0
23733,1,1,1
23734,1,0,0
23735,1,0,1
23736,1,1,1
23737,1,0,0
23738,1,0,0
23739,1,0,1
23740,0,1,1
23741,1,1,1
23742,1,1,1
23743,0,1,1
23744,0,0,1
23745,1,1,1
23746,1,0,1
23747,1,0,1
23748,0,1,1
23749,1,0,0
23750,0,1,1
23751,1,1,1
23752,0,0,0
23753,1,0,0
23754,1,1,0
23755,0,0,0
23756,0,0,0
23757,0,1,1
23758,1,1,1
23759,1,0,0
23760,0,0,0
23761,1,1,1
23762,0,0,0
23763,1,0,0
23764,0,1,1
23765,1,1,1
23766,1,1,1
23767,0,0,0
23768,0,0,0
23769,1,1,1
23770,1,0,0
23771,1,0,0
23772,0,0,0
23773,1,0,0
23774,1,1,1
23775,0,1,1
23776,0,0,0
23777,0,0,0
23778,1,1,1
23779,0,0,0
23780,0,0,0
23781,1,0,0
23782,0,0,1
23783,0,1,1
23784,1,1,1
23785,1,0,0
23786,1,0,0
23787,1,1,1
23788,0,0,0
23789,1,1,1
23790,0,0,0
23791,1,1,1
23792,0,0,1
23793,0,0,0
23794,0,0,0
23795,1,0,1
23796,1,0,0
23797,0,0,0
23798,1,1,1
23799,0,0,0
23800,0,0,1
23801,1,0,0
23802,1,1,1
23803,0,0,0
23804,1,0,1
23805,0,0,0
23806,1,1,1
23807,1,0,0
23808,0,0,0
23809,0,0,0
23810,1,0,0
23811,0,0,0
23812,1,1,0
23813,1,1,1
23814,1,0,0
23815,1,1,1
23816,0,1,1
23817,1,1,0
23818,1,1,1
23819,0,1,1
23820,1,1,1
23821,1,1,1
23822,0,1,1
23823,1,1,1
23824,1,1,0
23825,1,1,1
23826,0,1,1
23827,0,1,1
23828,1,1,1
23829,1,1,0
23830,1,1,1
23831,1,1,1
23832,1,0,0
23833,1,0,0
23834,1,1,1
23835,1,1,1
23836,1,1,1
23837,1,1,1
23838,1,0,0
23839,1,0,0
23840,1,1,1
23841,1,1,1
23842,0,1,1
23843,1,1,1
23844,1,1,1
23845,1,1,1
23846,0,0,1
23847,1,1,0
23848,1,0,0
23849,1,1,1
23850,0,0,0
23851,1,1,1
23852,1,0,0
23853,0,0,0
23854,1,0,0
23855,0,1,1
23856,0,0,0
23857,1,0,0
23858,0,0,0
23859,1,1,1
23860,0,0,1
23861,1,0,0
23862,1,1,1
23863,0,0,1
23864,0,0,1
23865,1,1,0
23866,1,1,1
23867,1,0,0
23868,1,1,1
23869,1,0,0
23870,1,1,1
23871,0,0,0
23872,1,1,1
23873,0,1,1
23874,0,0,0
23875,0,0,0
23876,0,0,0
23877,1,0,1
23878,0,1,1
23879,0,0,0
23880,0,0,0
23881,0,1,1
23882,1,1,0
23883,0,0,0
23884,1,0,0
23885,0,1,1
23886,0,1,1
23887,1,0,0
23888,1,0,0
23889,0,1,1
23890,1,1,1
23891,0,0,0
23892,1,1,1
23893,1,1,1
23894,0,1,1
23895,1,0,0
23896,1,0,0
23897,0,1,1
23898,0,1,1
23899,0,0,0
23900,0,0,0
23901,0,0,0
23902,0,0,0
23903,0,1,1
23904,0,0,0
23905,0,0,0
23906,0,1,0
23907,1,1,0
23908,1,1,1
23909,1,1,1
23910,0,0,0
23911,0,0,0
23912,1,1,1
23913,0,1,1
23914,1,1,1
23915,0,1,1
23916,0,0,0
23917,1,0,0
23918,0,0,0
23919,1,1,1
23920,0,0,0
23921,0,0,0
23922,0,0,0
23923,1,1,1
23924,0,0,0
23925,1,1,1
23926,1,1,1
23927,1,1,1
23928,1,0,1
23929,0,1,1
23930,0,1,1
23931,0,0,0
23932,0,0,0
23933,1,1,1
23934,1,0,0
23935,0,0,1
23936,0,1,1
23937,1,1,0
23938,0,0,0
23939,0,1,1
23940,0,0,0
23941,0,0,1
23942,1,1,1
23943,0,0,0
23944,0,0,1
23945,1,1,1
23946,1,1,1
23947,0,1,1
23948,1,1,1
23949,0,0,0
23950,0,0,0
23951,1,0,0
23952,1,1,1
23953,1,1,1
23954,1,1,1
23955,1,0,0
23956,1,0,0
23957,1,0,0
23958,0,1,1
23959,0,1,0
23960,1,0,0
23961,0,1,1
23962,0,1,1
23963,1,1,1
23964,0,0,0
23965,1,0,1
23966,0,0,0
23967,0,1,1
23968,0,1,1
23969,0,0,0
23970,1,1,1
23971,1,1,1
23972,1,1,1
23973,0,0,0
23974,1,1,1
23975,0,0,1
23976,0,0,0
23977,1,1,1
23978,0,0,1
23979,1,0,0
23980,0,0,0
23981,0,0,0
23982,0,1,1
23983,1,0,0
23984,1,1,1
23985,1,1,1
23986,1,1,1
23987,1,1,0
23988,0,1,1
23989,0,0,0
23990,0,0,0
23991,1,0,0
23992,0,0,0
23993,1,1,1
23994,0,0,0
23995,0,1,1
23996,1,1,0
23997,0,0,1
23998,1,1,1
23999,0,0,0
24000,1,1,1
24001,1,0,0
24002,0,0,0
24003,1,0,0
24004,1,1,1
24005,0,0,0
24006,1,0,0
24007,1,1,1
24008,1,1,1
24009,1,1,1
24010,1,0,1
24011,0,1,1
24012,0,0,0
24013,0,1,1
24014,0,0,0
24015,0,1,1
24016,1,0,0
24017,1,1,1
24018,0,0,0
24019,1,0,1
24020,0,0,0
24021,1,1,1
24022,1,1,1
24023,1,1,1
24024,0,0,1
24025,1,1,1
24026,1,0,0
24027,1,1,1
24028,1,1,1
24029,0,0,0
24030,1,0,0
24031,1,1,1
24032,0,1,1
24033,1,1,1
24034,0,0,0
24035,1,0,0
24036,1,1,1
24037,0,0,0
24038,0,0,0
24039,0,1,0
24040,1,0,0
24041,1,1,1
24042,0,1,1
24043,1,1,1
24044,1,0,0
24045,1,1,1
24046,0,0,0
24047,1,0,0
24048,0,1,0
24049,1,1,1
24050,0,0,0
24051,1,1,1
24052,1,1,1
24053,0,0,0
24054,1,0,0
24055,1,1,1
24056,0,0,0
24057,0,0,0
24058,0,0,0
24059,1,0,0
24060,0,1,0
24061,1,1,1
24062,1,1,1
24063,1,0,0
24064,0,1,1
24065,0,0,0
24066,0,0,0
24067,1,0,0
24068,0,0,0
24069,1,1,1
24070,0,1,0
24071,1,1,0
24072,0,0,0
24073,1,1,1
24074,0,0,0
24075,1,0,1
24076,0,0,0
24077,1,1,1
24078,1,0,1
24079,1,1,1
24080,1,1,0
24081,0,0,0
24082,1,1,1
24083,1,1,1
24084,1,0,0
24085,0,0,1
24086,1,1,1
24087,0,0,0
24088,1,0,0
24089,0,0,1
24090,1,0,0
24091,1,1,1
24092,0,0,1
24093,0,0,0
24094,1,1,1
24095,1,0,0
24096,1,1,1
24097,0,0,1
24098,1,1,1
24099,0,0,0
24100,1,0,0
24101,1,1,1
24102,1,0,0
24103,0,0,0
24104,0,0,0
24105,0,0,0
24106,1,1,1
24107,0,0,0
24108,0,0,0
24109,0,1,1
24110,1,0,0
24111,0,1,1
24112,1,0,0
24113,0,0,0
24114,1,1,1
24115,1,1,1
24116,0,0,0
24117,1,0,0
24118,0,0,0
24119,1,1,1
24120,0,0,0
24121,1,0,0
24122,0,1,1
24123,0,1,1
24124,0,1,1
24125,1,0,0
24126,1,1,1
24127,1,0,0
24128,1,1,1
24129,1,1,1
24130,1,1,1
24131,1,1,0
24132,1,0,0
24133,1,0,1
24134,1,0,0
24135,0,1,0
24136,1,0,0
24137,1,1,1
24138,1,1,1
24139,0,0,0
24140,0,1,0
24141,1,0,0
24142,1,0,0
24143,0,1,1
24144,0,0,0
24145,0,0,0
24146,1,1,0
24147,0,0,0
24148,1,0,0
24149,1,1,1
24150,1,1,1
24151,0,1,1
24152,1,0,1
24153,1,0,0
24154,0,1,1
24155,0,0,0
24156,0,0,0
24157,1,1,1
24158,0,1,1
24159,1,1,1
24160,1,1,1
24161,1,1,1
24162,0,0,0
24163,1,0,0
24164,1,1,1
24165,0,0,0
24166,1,0,0
24167,0,1,1
24168,1,1,1
24169,1,0,0
24170,1,1,1
24171,1,1,1
24172,0,0,0
24173,0,1,1
24174,1,0,0
24175,0,1,1
24176,0,1,1
24177,0,1,1
24178,1,1,0
24179,0,0,0
24180,1,0,1
24181,1,0,0
24182,1,0,1
24183,0,1,0
24184,1,0,0
24185,1,1,1
24186,1,1,1
24187,0,0,1
24188,1,1,0
24189,1,1,1
24190,1,1,1
24191,1,1,0
24192,0,0,0
24193,1,0,0
24194,0,0,0
24195,0,0,0
24196,0,1,1
24197,0,1,1
24198,1,0,0
24199,0,0,0
24200,1,1,1
24201,0,1,1
24202,0,0,0
24203,1,0,0
24204,1,0,0
24205,1,0,0
24206,0,0,1
24207,1,0,0
24208,0,0,0
24209,1,1,1
24210,0,0,0
24211,1,1,1
24212,0,1,0
24213,1,0,0
24214,0,1,1
24215,0,0,0
24216,0,0,0
24217,0,0,0
24218,1,1,1
24219,0,0,0
24220,0,1,1
24221,1,1,0
24222,0,0,0
24223,0,0,0
24224,1,0,0
24225,0,0,0
24226,1,0,0
24227,0,0,0
24228,1,0,0
24229,0,0,0
24230,0,1,1
24231,1,1,1
24232,1,0,1
24233,0,0,0
24234,1,0,0
24235,1,0,0
24236,0,1,1
24237,0,0,1
24238,0,0,1
24239,0,0,0
24240,1,1,1
24241,1,0,0
24242,1,1,1
24243,1,0,0
24244,1,1,1
24245,1,0,1
24246,0,0,0
24247,0,0,0
24248,1,1,1
24249,1,1,1
24250,0,0,0
24251,1,1,1
24252,1,0,0
24253,1,1,1
24254,0,0,0
24255,0,0,0
24256,1,0,0
24257,1,1,1
24258,1,0,1
24259,0,1,0
24260,0,1,1
24261,0,1,1
24262,1,1,1
24263,1,1,1
24264,0,1,1
24265,0,0,0
24266,0,0,0
24267,1,1,1
24268,0,0,0
24269,0,0,0
24270,1,1,1
24271,1,1,1
24272,1,1,1
24273,0,0,0
24274,1,0,0
24275,1,1,1
24276,1,0,1
24277,1,1,1
24278,0,1,1
24279,1,0,0
24280,1,0,0
24281,0,1,1
24282,0,0,0
24283,1,1,1
24284,1,0,0
24285,1,0,0
24286,1,1,0
24287,0,0,0
24288,1,0,0
24289,1,1,0
24290,1,1,1
24291,0,0,0
24292,0,0,1
24293,1,1,0
24294,0,0,0
24295,1,1,0
24296,1,1,1
24297,1,0,0
24298,1,1,0
24299,1,0,1
24300,1,0,0
24301,1,1,0
24302,0,1,0
24303,0,0,0
24304,0,0,0
24305,0,0,0
24306,0,0,0
24307,1,1,1
24308,1,1,1
24309,0,0,0
24310,0,0,0
24311,0,0,0
24312,0,1,1
24313,1,1,1
24314,0,0,1
24315,1,1,1
24316,1,0,0
24317,0,0,0
24318,1,1,1
24319,1,1,1
24320,1,1,1
24321,0,0,0
24322,1,1,1
24323,1,0,0
24324,0,0,0
24325,1,1,1
24326,1,1,1
24327,0,0,0
24328,1,0,0
24329,1,1,1
24330,1,1,1
24331,1,1,1
24332,1,1,1
24333,1,1,1
24334,1,0,0
24335,0,0,0
24336,1,0,1
24337,1,0,0
24338,0,1,1
24339,1,1,1
24340,0,0,0
24341,1,1,1
24342,0,0,0
24343,0,0,0
24344,1,1,1
24345,1,1,1
24346,1,1,1
24347,0,0,0
24348,0,0,0
24349,0,0,1
24350,1,1,1
24351,0,0,0
24352,1,1,1
24353,0,0,0
24354,0,0,0
24355,1,1,1
24356,1,1,0
24357,0,0,0
24358,0,0,0
24359,1,1,1
24360,0,0,0
24361,0,1,1
24362,1,1,1
24363,1,1,1
24364,1,1,1
24365,1,1,1
24366,0,1,1
24367,0,0,0
24368,1,1,1
24369,1,1,1
24370,0,1,1
24371,0,0,0
24372,1,1,1
24373,0,0,1
24374,0,0,0
24375,0,0,0
24376,0,0,1
24377,0,0,0
24378,0,1,1
24379,1,0,0
24380,1,0,0
24381,1,1,1
24382,0,0,1
24383,0,0,0
24384,0,1,1
24385,0,0,0
24386,1,0,1
24387,1,0,0
24388,0,0,0
24389,1,0,0
24390,0,0,0
24391,1,1,1
24392,0,0,0
24393,0,0,1
24394,0,0,0
24395,0,0,1
24396,1,1,1
24397,0,1,1
24398,1,0,0
24399,0,0,1
24400,1,0,0
24401,1,0,1
24402,1,1,1
24403,0,0,0
24404,1,1,1
24405,0,0,0
24406,1,0,0
24407,1,1,0
24408,1,1,1
24409,0,1,1
24410,1,0,0
24411,0,0,0
24412,0,1,1
24413,1,1,1
24414,0,1,1
24415,1,1,0
24416,0,0,0
24417,1,1,1
24418,1,1,1
24419,1,1,1
24420,0,0,0
24421,0,0,0
24422,0,0,0
24423,1,1,1
24424,1,0,0
24425,1,1,1
24426,1,1,1
24427,1,1,1
24428,1,1,1
24429,0,1,1
24430,0,0,0
24431,0,1,1
24432,1,0,0
24433,0,0,0
24434,1,1,1
24435,1,1,1
24436,0,1,1
24437,0,0,0
24438,0,1,1
24439,0,0,0
24440,0,0,0
24441,1,0,1
24442,0,0,1
24443,0,1,0
24444,1,1,1
24445,1,1,1
24446,0,0,0
24447,1,0,0
24448,1,1,1
24449,1,1,1
24450,1,0,0
24451,0,1,1
24452,0,0,0
24453,1,1,1
24454,0,1,1
24455,0,0,0
24456,1,0,1
24457,0,1,1
24458,1,0,0
24459,0,0,0
24460,0,1,1
24461,1,1,1
24462,1,1,1
24463,0,1,1
24464,0,0,0
24465,1,1,1
24466,1,1,1
24467,0,0,0
24468,0,0,0
24469,0,0,0
24470,0,0,0
24471,1,0,1
24472,0,0,1
24473,0,0,0
24474,0,0,1
24475,1,0,0
24476,0,0,0
24477,0,0,0
24478,1,1,1
24479,1,0,0
24480,0,0,0
24481,1,1,1
24482,0,0,0
24483,1,1,1
24484,1,1,1
24485,0,1,1
24486,0,1,1
24487,1,1,1
24488,0,0,0
24489,1,0,0
24490,0,1,1
24491,1,1,1
24492,0,0,0
24493,0,0,0
24494,0,0,0
24495,1,1,0
24496,1,1,1
24497,0,0,0
24498,0,0,0
24499,1,0,0
24500,1,1,1
24501,1,1,1
24502,0,0,0
24503,0,1,1
24504,0,1,1
24505,0,1,1
24506,0,1,1
24507,0,0,0
24508,1,0,0
24509,0,0,0
24510,1,1,1
24511,1,1,1
24512,0,1,0
24513,1,0,0
24514,1,1,1
24515,1,0,1
24516,1,1,1
24517,0,0,0
24518,1,1,1
24519,1,1,1
24520,1,1,1
24521,1,1,1
24522,0,0,0
24523,0,1,1
24524,1,1,1
24525,0,0,0
24526,1,0,1
24527,1,1,1
24528,1,0,0
24529,0,0,0
24530,0,0,0
24531,0,1,1
24532,1,1,1
24533,1,0,1
24534,1,1,1
24535,1,1,1
24536,0,1,1
24537,0,0,0
24538,1,1,1
24539,0,0,0
24540,0,0,0
24541,1,0,0
24542,1,1,0
24543,0,0,0
24544,1,0,0
24545,0,0,0
24546,1,1,1
24547,0,0,0
24548,0,0,0
24549,1,1,1
24550,1,0,0
24551,1,1,1
24552,1,1,1
24553,0,0,0
24554,1,0,0
24555,0,0,0
24556,1,1,1
24557,1,1,1
24558,0,0,0
24559,1,1,1
24560,0,1,1
24561,1,0,0
24562,1,1,1
24563,0,1,1
24564,1,1,0
24565,1,0,1
24566,1,1,1
24567,0,1,1
24568,0,1,0
24569,1,0,0
24570,1,0,0
24571,1,1,1
24572,1,0,0
24573,1,1,1
24574,0,0,0
24575,1,1,1
24576,0,1,1
24577,1,0,0
24578,1,1,1
24579,1,1,1
24580,1,0,0
24581,1,1,1
24582,1,1,1
24583,1,1,1
24584,1,1,1
24585,1,1,1
24586,1,1,1
24587,1,0,0
24588,1,1,0
24589,0,1,1
24590,1,0,0
24591,1,0,0
24592,1,0,0
24593,0,0,0
24594,1,0,0
24595,1,1,0
24596,1,1,1
24597,0,0,0
24598,1,1,1
24599,0,0,0
24600,1,0,0
24601,1,0,0
24602,0,1,1
24603,0,0,0
24604,0,0,0
24605,1,0,0
24606,1,1,1
24607,1,1,1
24608,1,0,0
24609,1,1,1
24610,0,1,1
24611,1,1,1
24612,0,1,1
24613,1,1,1
24614,0,1,1
24615,0,1,1
24616,1,0,0
24617,0,0,0
24618,1,0,0
24619,1,1,1
24620,0,0,0
24621,0,0,0
24622,0,0,0
24623,1,1,1
24624,0,0,0
24625,1,0,0
24626,0,1,1
24627,0,0,0
24628,0,0,0
24629,0,1,0
24630,0,1,1
24631,0,0,0
24632,1,1,1
24633,0,1,1
24634,0,0,0
24635,0,1,1
24636,1,1,1
24637,1,1,1
24638,0,0,0
24639,0,1,1
24640,1,1,1
24641,0,1,1
24642,1,1,1
24643,1,1,1
24644,1,1,1
24645,1,1,1
24646,1,1,1
24647,0,1,1
24648,0,1,1
24649,1,0,0
24650,1,0,0
24651,0,0,1
24652,1,1,1
24653,1,1,1
24654,1,1,1
24655,1,1,1
24656,0,1,1
24657,1,1,1
24658,1,1,1
24659,1,0,0
24660,0,0,0
24661,1,0,0
24662,1,0,0
24663,1,1,1
24664,1,0,0
24665,0,1,1
24666,0,1,1
24667,1,0,0
24668,1,1,1
24669,0,0,0
24670,1,1,0
24671,0,0,0
24672,1,1,1
24673,0,1,1
24674,0,0,0
24675,0,0,0
24676,0,0,0
24677,1,0,0
24678,0,0,0
24679,1,0,0
24680,1,1,1
24681,0,0,0
24682,0,1,1
24683,0,0,0
24684,0,1,1
24685,0,0,0
24686,0,1,1
24687,0,0,0
24688,1,1,1
24689,0,0,0
24690,0,0,0
24691,0,1,0
24692,0,0,0
24693,1,1,1
24694,0,1,1
24695,1,1,1
24696,0,1,1
24697,1,0,0
24698,0,0,0
24699,0,1,1
24700,1,1,1
24701,0,0,0
24702,1,0,1
24703,0,1,1
24704,0,0,0
24705,0,0,0
24706,0,0,0
24707,1,1,1
24708,1,1,1
24709,0,0,0
24710,1,1,1
24711,1,1,1
24712,1,0,0
24713,1,1,1
24714,1,1,1
24715,1,1,1
24716,1,0,0
24717,1,1,1
24718,0,1,1
24719,0,1,1
24720,0,0,0
24721,1,0,0
24722,0,0,0
24723,1,0,0
24724,1,0,0
24725,1,0,0
24726,0,1,1
24727,0,0,0
24728,1,1,1
24729,0,1,1
24730,0,1,1
24731,1,0,0
24732,1,1,1
24733,1,0,1
24734,1,1,0
24735,1,0,1
24736,1,1,0
24737,0,1,1
24738,1,1,0
24739,0,0,0
24740,0,0,0
24741,1,0,0
24742,1,1,1
24743,1,1,1
24744,0,0,0
24745,1,1,1
24746,1,1,0
24747,1,1,1
24748,1,1,1
24749,1,0,0
24750,1,0,1
24751,0,0,0
24752,1,0,0
24753,0,0,0
24754,0,1,1
24755,0,0,0
24756,1,1,1
24757,0,1,1
24758,1,1,1
24759,1,1,1
24760,1,0,0
24761,1,0,1
24762,0,0,0
24763,0,1,1
24764,1,0,0
24765,0,0,0
24766,0,0,0
24767,0,0,0
24768,0,0,0
24769,1,0,0
24770,1,1,1
24771,1,0,0
24772,1,0,0
24773,0,0,0
24774,1,1,1
24775,1,0,0
24776,0,0,0
24777,1,0,0
24778,1,0,1
24779,1,1,1
24780,1,1,0
24781,1,1,1
24782,0,0,1
24783,0,0,0
24784,0,0,0
24785,1,1,1
24786,0,0,0
24787,1,1,1
24788,1,1,1
24789,1,1,1
24790,1,0,0
24791,0,0,0
24792,0,0,0
24793,0,1,0
24794,1,1,1
24795,1,1,1
24796,1,0,1
24797,0,0,0
24798,1,0,0
24799,1,1,1
24800,1,0,1
24801,1,1,0
24802,0,0,0
24803,1,1,1
24804,1,1,1
24805,0,1,1
24806,1,1,1
24807,0,0,0
24808,1,1,1
24809,1,0,0
24810,0,1,1
24811,1,0,1
24812,1,1,1
24813,1,1,1
24814,0,0,0
24815,0,1,0
24816,0,0,0
24817,0,1,1
24818,1,1,1
24819,0,0,0
24820,1,1,1
24821,1,0,0
24822,1,1,1
24823,1,1,1
24824,1,1,1
24825,0,0,0
24826,0,0,0
24827,0,0,0
24828,1,0,0
24829,1,0,0
24830,0,1,1
24831,0,1,0
24832,1,0,0
24833,1,1,1
24834,1,0,1
24835,1,1,1
24836,1,1,1
24837,0,0,1
24838,1,1,1
24839,1,1,1
24840,1,1,1
24841,1,1,1
24842,1,1,1
24843,0,1,0
24844,0,1,1
24845,0,0,0
24846,0,0,0
24847,1,1,1
24848,1,0,0
24849,1,1,1
24850,0,0,0
24851,0,0,0
24852,1,1,1
24853,1,1,1
24854,0,0,0
24855,1,1,1
24856,0,0,0
24857,0,0,0
24858,0,0,0
24859,1,0,0
24860,0,0,0
24861,0,0,0
24862,0,0,0
24863,1,1,0
24864,1,1,1
24865,1,0,0
24866,0,0,0
24867,1,1,1
24868,1,1,1
24869,0,0,0
24870,0,1,1
24871,1,1,1
24872,1,0,0
24873,1,1,1
24874,1,0,0
24875,0,0,0
24876,0,1,1
24877,1,1,1
24878,0,0,1
24879,0,0,0
24880,1,1,1
24881,0,0,1
24882,1,0,0
24883,0,0,1
24884,1,1,1
24885,1,0,0
24886,1,0,0
24887,1,1,1
24888,0,1,0
24889,1,0,0
24890,0,0,0
24891,1,1,0
24892,0,1,0
24893,1,1,0
24894,1,0,0
24895,1,1,0
24896,1,0,0
24897,1,1,1
24898,0,0,0
24899,0,0,0
24900,1,1,1
24901,1,0,0
24902,1,1,1
24903,1,1,1
24904,1,1,1
24905,0,0,0
24906,0,1,1
24907,1,1,1
24908,1,1,1
24909,1,0,0
24910,0,1,1
24911,1,1,1
24912,1,1,0
24913,1,0,0
24914,1,0,0
24915,0,1,1
24916,0,0,0
24917,1,0,0
24918,1,1,1
24919,1,1,1
24920,1,0,1
24921,0,0,0
24922,0,0,0
24923,1,1,1
24924,1,1,0
24925,1,1,1
24926,1,1,1
24927,0,0,0
24928,1,1,1
24929,0,1,1
24930,1,1,1
24931,1,0,0
24932,1,0,0
24933,1,1,1
24934,0,0,0
24935,0,0,0
24936,0,1,1
24937,1,1,1
24938,0,1,1
24939,0,0,1
24940,1,0,0
24941,0,0,0
24942,1,0,0
24943,0,1,1
24944,1,1,1
24945,1,1,1
24946,0,1,1
24947,1,0,0
24948,1,1,1
24949,0,0,0
24950,1,1,1
24951,0,0,0
24952,0,0,0
24953,1,0,0
24954,1,0,0
24955,0,0,0
24956,1,1,1
24957,0,1,1
24958,0,0,0
24959,1,1,1
24960,0,1,1
24961,1,1,1
24962,0,0,0
24963,1,1,1
24964,1,0,0
24965,0,0,0
24966,1,1,1
24967,0,1,1
24968,1,0,0
24969,1,1,1
24970,0,1,1
24971,0,0,0
24972,1,1,1
24973,1,1,1
24974,0,0,0
24975,1,1,1
24976,1,1,1
24977,0,0,0
24978,1,1,1
24979,0,0,0
24980,0,0,0
24981,0,0,0
24982,1,0,0
24983,1,1,0
24984,1,1,1
24985,1,1,1
24986,1,1,1
24987,0,0,0
24988,0,0,0
24989,1,1,1
24990,0,1,1
24991,1,0,0
24992,0,0,0
24993,1,1,1
24994,1,0,0
24995,0,0,0
24996,0,0,0
24997,0,0,0
24998,1,1,1
24999,1,1,1
25000,0,1,1
25001,1,0,0
25002,0,1,1
25003,1,1,1
25004,0,1,1
25005,1,1,0
25006,0,1,0
25007,0,1,1
25008,1,1,1
25009,1,1,1
25010,1,1,1
25011,0,1,1
25012,0,1,0
25013,1,0,0
25014,0,1,1
25015,1,1,0
25016,1,0,1
25017,1,1,1
25018,0,1,1
25019,0,0,0
25020,1,1,1
25021,1,1,1
25022,0,1,1
25023,0,1,0
25024,1,1,0
25025,1,1,1
25026,1,0,1
25027,0,1,1
25028,0,1,1
25029,0,0,0
25030,1,0,0
25031,1,1,1
25032,0,0,0
25033,1,0,0
25034,0,0,0
25035,1,0,1
25036,0,0,0
25037,0,0,0
25038,1,1,1
25039,0,0,1
25040,0,0,0
25041,0,0,0
25042,1,1,1
25043,0,0,1
25044,1,0,0
25045,1,1,1
25046,1,1,1
25047,1,1,1
25048,1,0,1
25049,1,1,1
25050,1,1,1
25051,1,1,1
25052,1,0,0
25053,0,0,0
25054,1,1,1
25055,1,1,1
25056,0,1,1
25057,0,1,1
25058,1,0,1
25059,0,1,1
25060,0,0,0
25061,1,1,1
25062,0,1,1
25063,1,0,0
25064,1,1,1
25065,1,1,1
25066,0,1,1
25067,1,1,1
25068,1,1,1
25069,0,1,1
25070,1,0,0
25071,1,1,1
25072,0,0,0
25073,0,0,0
25074,1,1,0
25075,0,0,0
25076,0,0,0
25077,1,1,1
25078,1,0,0
25079,0,1,0
25080,0,0,0
25081,0,1,1
25082,0,0,0
25083,0,0,0
25084,0,1,1
25085,0,0,0
25086,1,1,1
25087,0,1,1
25088,0,1,1
25089,1,0,0
25090,0,1,1
25091,0,0,0
25092,1,1,1
25093,1,1,1
25094,1,1,1
25095,1,1,1
25096,0,1,1
25097,1,1,1
25098,0,0,0
25099,1,1,1
25100,0,0,0
25101,1,1,1
25102,1,1,1
25103,0,0,0
25104,1,1,1
25105,0,0,0
25106,0,0,1
25107,1,0,0
25108,1,1,1
25109,1,1,1
25110,1,0,1
25111,0,1,0
25112,0,0,0
25113,0,0,0
25114,0,1,1
25115,0,0,0
25116,0,0,0
25117,1,1,1
25118,1,1,1
25119,0,0,0
25120,1,0,0
25121,1,1,1
25122,1,0,0
25123,0,1,0
25124,0,1,1
25125,1,1,1
25126,1,1,1
25127,1,1,0
25128,0,0,0
25129,0,0,0
25130,1,1,1
25131,1,1,1
25132,1,0,0
25133,0,0,0
25134,1,1,1
25135,0,0,0
25136,1,0,0
25137,1,0,1
25138,1,1,1
25139,0,1,1
25140,1,0,0
25141,0,0,0
25142,0,0,0
25143,1,1,1
25144,1,1,1
25145,1,1,1
25146,1,1,1
25147,1,0,0
25148,0,0,0
25149,0,1,1
25150,0,0,0
25151,0,0,1
25152,1,1,1
25153,1,0,0
25154,1,1,1
25155,1,0,0
25156,1,0,0
25157,0,0,0
25158,1,1,1
25159,0,0,0
25160,0,0,0
25161,1,1,0
25162,0,0,0
25163,1,0,0
25164,1,1,1
25165,0,0,0
25166,0,0,0
25167,0,0,0
25168,0,0,0
25169,0,1,1
25170,0,1,1
25171,0,0,0
25172,0,1,1
25173,0,0,1
25174,1,1,1
25175,1,0,0
25176,0,0,0
25177,1,1,1
25178,1,1,1
25179,1,1,1
25180,1,1,1
25181,1,1,0
25182,1,1,1
25183,1,0,0
25184,1,1,1
25185,0,1,1
25186,0,1,1
25187,1,0,0
25188,0,1,1
25189,0,0,0
25190,0,0,0
25191,1,1,1
25192,1,1,1
25193,1,1,1
25194,1,1,1
25195,0,1,1
25196,0,0,0
25197,0,1,1
25198,1,1,1
25199,0,1,0
25200,1,0,0
25201,1,1,1
25202,1,1,1
25203,0,0,0
25204,1,1,1
25205,0,1,1
25206,0,0,0
25207,0,0,0
25208,1,1,1
25209,0,0,1
25210,0,0,0
25211,0,0,0
25212,0,1,1
25213,1,1,1
25214,1,1,1
25215,1,0,0
25216,0,0,0
25217,1,0,0
25218,1,1,1
25219,0,0,0
25220,1,0,0
25221,1,1,1
25222,1,1,1
25223,1,1,1
25224,0,1,1
25225,1,0,0
25226,1,1,1
25227,1,0,0
25228,1,0,0
25229,1,1,1
25230,1,0,0
25231,1,0,0
25232,1,0,0
25233,1,0,0
25234,1,1,1
25235,1,1,1
25236,1,1,1
25237,1,1,1
25238,1,1,1
25239,1,1,1
25240,1,1,1
25241,0,0,0
25242,0,0,0
25243,0,1,0
25244,0,0,0
25245,1,0,0
25246,1,1,1
25247,1,0,0
25248,1,1,1
25249,0,1,1
25250,1,1,1
25251,1,1,1
25252,1,1,1
25253,0,0,0
25254,0,0,0
25255,1,1,1
25256,1,1,1
25257,1,1,0
25258,1,1,1
25259,0,0,0
25260,0,0,0
25261,1,1,1
25262,1,0,0
25263,1,1,0
25264,1,0,1
25265,1,1,1
25266,1,1,1
25267,0,1,1
25268,0,0,0
25269,0,1,1
25270,1,0,0
25271,1,0,0
25272,0,1,1
25273,0,1,1
25274,0,0,0
25275,1,1,0
25276,0,0,0
25277,1,1,1
25278,0,1,1
25279,0,0,0
25280,1,1,1
25281,0,1,1
25282,0,1,1
25283,1,1,1
25284,1,1,1
25285,0,0,0
25286,1,0,1
25287,0,0,0
25288,0,1,1
25289,1,0,1
25290,1,0,0
25291,1,1,1
25292,0,0,0
25293,0,0,0
25294,1,0,0
25295,0,0,0
25296,1,1,1
25297,1,1,1
25298,1,1,1
25299,1,1,1
25300,0,0,0
25301,1,0,0
25302,0,0,0
25303,0,0,0
25304,0,0,0
25305,1,0,0
25306,1,1,1
25307,0,1,1
25308,0,0,0
25309,0,0,0
25310,0,1,0
25311,1,0,0
25312,0,0,0
25313,1,1,1
25314,1,1,1
25315,1,1,1
25316,0,0,0
25317,1,1,1
25318,1,1,0
25319,1,0,1
25320,0,0,1
25321,1,1,1
25322,1,0,0
25323,0,1,1
25324,0,0,0
25325,1,1,1
25326,0,0,0
25327,0,0,0
25328,0,0,0
25329,0,0,0
25330,0,1,1
25331,0,0,0
25332,1,1,1
25333,0,0,0
25334,1,1,0
25335,0,1,1
25336,0,1,1
25337,1,1,1
25338,0,0,0
25339,1,1,1
25340,1,0,0
25341,1,1,0
25342,0,0,0
25343,0,0,0
25344,1,1,1
25345,0,1,1
25346,1,1,1
25347,1,1,1
25348,1,0,0
25349,1,1,1
25350,1,1,1
25351,1,0,0
25352,1,0,0
25353,1,1,1
25354,1,1,1
25355,1,1,1
25356,0,0,0
25357,1,0,0
25358,1,1,1
25359,0,1,1
25360,1,1,1
25361,1,1,1
25362,0,0,0
25363,1,1,1
25364,0,0,1
25365,0,0,0
25366,1,0,0
25367,1,1,1
25368,0,0,0
25369,1,1,0
25370,1,0,0
25371,1,1,1
25372,1,0,0
25373,1,1,1
25374,1,0,0
25375,0,1,0
25376,0,0,1
25377,0,1,1
25378,1,0,0
25379,1,0,1
25380,1,1,1
25381,0,0,1
25382,1,1,0
25383,1,1,1
25384,0,0,1
25385,0,0,0
25386,1,1,1
25387,1,1,1
25388,0,0,0
25389,1,1,0
25390,0,0,0
25391,0,0,0
25392,1,1,0
25393,0,1,1
25394,1,0,0
25395,1,1,1
25396,1,1,1
25397,1,1,1
25398,1,0,0
25399,0,0,0
25400,1,1,1
25401,0,1,1
25402,0,1,1
25403,1,1,1
25404,1,1,1
25405,0,1,1
25406,1,1,1
25407,0,1,0
25408,1,0,0
25409,1,1,1
25410,1,1,1
25411,0,0,0
25412,1,0,0
25413,1,1,1
25414,1,0,1
25415,0,1,1
25416,1,0,0
25417,1,0,0
25418,0,0,0
25419,0,0,0
25420,1,1,1
25421,0,1,0
25422,1,0,1
25423,0,0,0
25424,1,1,1
25425,0,0,0
25426,1,1,1
25427,1,1,1
25428,1,1,1
25429,1,1,1
25430,1,1,1
25431,1,1,1
25432,0,0,0
25433,1,1,1
25434,0,0,0
25435,0,1,1
25436,0,1,0
25437,1,1,1
25438,1,0,1
25439,1,0,0
25440,1,1,1
25441,0,0,0
25442,1,0,1
25443,1,0,0
25444,0,0,0
25445,1,1,1
25446,1,0,1
25447,1,1,1
25448,0,0,0
25449,0,0,0
25450,0,1,1
25451,0,1,1
25452,0,0,0
25453,1,1,1
25454,1,0,0
25455,0,1,1
25456,0,0,0
25457,1,1,1
25458,1,1,1
25459,1,1,0
25460,0,0,0
25461,0,1,1
25462,0,0,0
25463,1,0,0
25464,1,1,1
25465,1,0,0
25466,1,1,1
25467,1,0,0
25468,1,1,1
25469,0,1,0
25470,1,1,0
25471,1,1,1
25472,0,0,0
25473,1,0,1
25474,0,1,1
25475,0,1,1
25476,0,0,0
25477,1,1,1
25478,1,0,0
25479,1,0,0
25480,1,1,1
25481,1,1,1
25482,1,1,1
25483,1,1,1
25484,0,0,0
25485,1,1,1
25486,0,1,1
25487,0,1,1
25488,0,0,0
25489,0,0,0
25490,1,0,0
25491,1,1,1
25492,1,1,1
25493,0,0,0
25494,0,0,0
25495,0,1,1
25496,1,1,1
25497,1,1,1
25498,0,1,1
25499,1,1,1
25500,1,0,0
25501,0,0,0
25502,1,1,1
25503,1,1,1
25504,0,0,0
25505,0,1,1
25506,1,1,1
25507,1,1,1
25508,0,0,1
25509,1,0,0
25510,1,1,1
25511,1,1,1
25512,0,1,1
25513,1,1,1
25514,1,0,0
25515,1,0,0
25516,0,1,1
25517,1,0,0
25518,1,0,0
25519,1,1,1
25520,1,1,1
25521,0,0,0
25522,1,1,1
25523,0,0,0
25524,0,1,1
25525,1,0,0
25526,1,1,1
25527,0,0,0
25528,0,0,0
25529,0,0,1
25530,0,0,0
25531,0,0,0
25532,1,1,1
25533,1,0,0
25534,1,1,0
25535,1,1,1
25536,1,1,1
25537,0,0,0
25538,0,1,1
25539,1,0,0
25540,1,0,0
25541,0,1,1
25542,0,0,0
25543,1,1,1
25544,1,1,1
25545,1,0,0
25546,1,1,1
25547,0,1,1
25548,1,0,0
25549,1,1,1
25550,0,0,0
25551,0,1,1
25552,1,0,0
25553,1,0,0
25554,1,0,0
25555,0,0,0
25556,1,1,1
25557,1,0,0
25558,1,1,1
25559,1,1,1
25560,1,0,0
25561,0,0,1
25562,0,1,1
25563,1,0,0
25564,0,0,0
25565,1,1,0
25566,1,1,1
25567,0,0,0
25568,1,1,1
25569,0,1,1
25570,1,1,1
25571,1,0,1
25572,1,1,1
25573,1,1,0
25574,0,0,0
25575,0,1,1
25576,1,1,1
25577,0,1,1
25578,0,0,0
25579,1,0,1
25580,1,0,0
25581,1,1,1
25582,1,0,0
25583,0,1,1
25584,1,1,1
25585,0,0,0
25586,1,0,0
25587,1,1,1
25588,0,0,0
25589,0,0,0
25590,0,0,0
25591,1,1,1
25592,1,0,1
25593,0,0,0
25594,0,0,0
25595,1,1,1
25596,0,0,0
25597,1,1,1
25598,0,1,1
25599,1,0,0
25600,1,0,1
25601,1,1,1
25602,0,0,0
25603,0,1,1
25604,0,0,0
25605,0,0,0
25606,0,0,0
25607,0,0,0
25608,0,1,1
25609,1,1,1
25610,0,0,0
25611,1,1,1
25612,1,1,0
25613,0,0,0
25614,0,1,1
25615,1,1,1
25616,0,1,1
25617,1,0,0
25618,1,0,0
25619,0,0,0
25620,0,1,1
25621,0,0,0
25622,0,1,1
25623,1,1,1
25624,1,1,1
25625,1,1,1
25626,0,1,1
25627,1,1,0
25628,1,0,0
25629,1,0,0
25630,1,1,1
25631,1,1,1
25632,1,1,1
25633,1,1,1
25634,1,1,0
25635,1,1,1
25636,1,0,0
25637,0,0,0
25638,1,0,0
25639,1,1,1
25640,1,1,0
25641,1,0,1
25642,1,0,0
25643,1,1,1
25644,0,0,0
25645,1,1,1
25646,0,0,0
25647,0,0,0
25648,0,0,0
25649,0,1,1
25650,1,0,1
25651,0,0,0
25652,1,0,1
25653,1,1,1
25654,0,0,0
25655,1,1,1
25656,0,1,1
25657,0,0,0
25658,1,1,1
25659,1,0,0
25660,0,0,0
25661,0,0,0
25662,1,1,1
25663,1,1,1
25664,1,0,0
25665,1,0,1
25666,0,1,1
25667,0,0,0
25668,0,0,0
25669,0,0,1
25670,0,0,0
25671,0,0,1
25672,1,1,1
25673,1,1,1
25674,0,0,0
25675,0,0,0
25676,0,0,0
25677,0,0,0
25678,0,1,1
25679,1,0,0
25680,1,0,1
25681,0,1,1
25682,1,1,1
25683,0,0,0
25684,0,0,0
25685,1,1,1
25686,1,1,1
25687,1,1,1
25688,1,1,1
25689,1,0,0
25690,0,0,0
25691,0,0,0
25692,0,0,0
25693,0,0,1
25694,0,1,1
25695,1,1,1
25696,1,0,0
25697,1,1,1
25698,1,0,0
25699,1,1,1
25700,1,1,1
25701,0,0,0
25702,1,1,1
25703,1,1,1
25704,1,0,1
25705,0,0,0
25706,0,1,1
25707,1,0,0
25708,0,1,0
25709,1,1,1
25710,1,1,1
25711,1,1,1
25712,1,1,1
25713,0,0,0
25714,0,1,1
25715,1,1,1
25716,1,0,1
25717,1,1,1
25718,1,1,1
25719,0,0,0
25720,0,1,1
25721,1,0,0
25722,0,0,0
25723,1,0,0
25724,1,1,1
25725,1,1,1
25726,1,1,1
25727,0,0,0
25728,0,0,0
25729,0,0,0
25730,1,1,1
25731,1,1,1
25732,0,1,1
25733,1,0,0
25734,1,1,1
25735,0,0,0
25736,0,0,0
25737,0,1,1
25738,0,0,0
25739,1,1,1
25740,1,1,1
25741,0,0,0
25742,0,0,0
25743,0,1,1
25744,0,0,0
25745,1,0,0
25746,0,0,0
25747,0,1,1
25748,1,0,0
25749,1,0,0
25750,0,1,1
25751,0,1,1
25752,1,1,1
25753,1,1,1
25754,1,0,1
25755,1,1,1
25756,1,1,1
25757,0,1,1
25758,0,0,0
25759,0,0,0
25760,1,0,0
25761,1,1,1
25762,0,1,1
25763,1,1,1
25764,0,1,1
25765,0,0,0
25766,0,0,0
25767,1,1,1
25768,1,1,1
25769,0,1,1
25770,1,0,0
25771,0,0,0
25772,1,1,1
25773,0,0,0
25774,1,0,0
25775,1,0,0
25776,0,0,0
25777,0,0,0
25778,0,0,0
25779,1,0,0
25780,0,1,0
25781,0,0,0
25782,1,1,1
25783,1,1,1
25784,0,0,0
25785,0,0,0
25786,1,0,0
25787,1,1,0
25788,0,0,1
25789,1,1,1
25790,1,0,0
25791,0,0,1
25792,1,0,1
25793,0,1,1
25794,0,0,0
25795,1,0,0
25796,1,0,0
25797,0,1,1
25798,1,0,0
25799,0,1,1
25800,1,1,1
25801,0,0,0
25802,1,1,1
25803,1,0,0
25804,0,0,0
25805,1,0,0
25806,1,0,1
25807,1,1,1
25808,1,1,1
25809,1,0,0
25810,0,1,1
25811,0,1,1
25812,1,0,0
25813,1,0,0
25814,1,1,1
25815,1,1,1
25816,0,0,0
25817,1,1,1
25818,1,1,1
25819,0,1,1
25820,1,1,1
25821,0,1,0
25822,0,1,1
25823,0,0,0
25824,1,1,1
25825,0,1,1
25826,1,1,1
25827,1,0,0
25828,0,0,1
25829,1,0,0
25830,1,1,0
25831,0,1,1
25832,0,0,0
25833,0,0,0
25834,0,0,0
25835,1,0,0
25836,0,1,1
25837,0,0,0
25838,0,0,0
25839,0,0,0
25840,1,0,0
25841,0,0,0
25842,0,0,1
25843,1,1,1
25844,1,1,1
25845,1,1,1
25846,0,1,1
25847,0,0,0
25848,1,0,0
25849,1,1,1
25850,0,1,0
25851,0,0,0
25852,0,0,1
25853,1,1,1
25854,0,0,0
25855,0,0,0
25856,0,0,0
25857,1,1,1
25858,1,0,0
25859,0,0,0
25860,0,0,0
25861,0,1,1
25862,0,0,0
25863,0,1,1
25864,0,0,0
25865,1,0,1
25866,1,1,1
25867,1,1,1
25868,0,0,0
25869,1,1,1
25870,0,0,0
25871,0,1,1
25872,0,0,1
25873,0,1,1
25874,0,1,1
25875,1,1,1
25876,1,0,0
25877,0,0,0
25878,0,0,0
25879,1,0,0
25880,0,0,0
25881,0,0,0
25882,0,0,0
25883,0,0,1
25884,1,0,1
25885,1,1,1
25886,1,0,0
25887,1,1,1
25888,1,1,0
25889,1,0,0
25890,1,1,1
25891,1,1,1
25892,1,1,1
25893,1,0,1
25894,0,0,0
25895,1,1,1
25896,0,1,1
25897,0,0,0
25898,1,1,1
25899,0,0,1
25900,1,1,1
25901,0,0,0
25902,1,1,1
25903,0,0,0
25904,0,0,0
25905,1,1,1
25906,0,0,0
25907,0,0,0
25908,1,0,0
25909,1,1,1
25910,1,0,1
25911,0,0,0
25912,1,1,1
25913,0,1,1
25914,1,0,0
25915,1,1,1
25916,0,1,1
25917,1,1,1
25918,1,1,0
25919,0,1,1
25920,1,1,0
25921,0,1,1
25922,1,1,1
25923,1,1,0
25924,0,0,0
25925,1,1,0
25926,1,0,0
25927,1,1,1
25928,0,0,1
25929,1,1,1
25930,0,0,0
25931,1,0,0
25932,0,1,1
25933,1,0,0
25934,1,1,1
25935,0,1,1
25936,1,1,1
25937,0,1,1
25938,0,0,0
25939,1,0,0
25940,1,1,1
25941,1,1,0
25942,0,0,1
25943,1,1,1
25944,1,1,1
25945,1,1,1
25946,1,1,1
25947,0,1,1
25948,1,0,1
25949,0,0,0
25950,0,1,1
25951,1,1,1
25952,1,1,1
25953,1,0,0
25954,1,1,1
25955,0,0,0
25956,0,0,0
25957,1,0,0
25958,0,1,1
25959,1,1,0
25960,0,0,0
25961,1,1,1
25962,1,0,0
25963,1,1,1
25964,1,1,1
25965,0,1,1
25966,1,0,0
25967,0,1,1
25968,0,0,0
25969,0,0,0
25970,0,1,0
25971,1,0,0
25972,0,1,1
25973,1,0,1
25974,0,1,1
25975,1,0,0
25976,1,0,1
25977,1,0,0
25978,0,0,0
25979,0,0,0
25980,0,0,0
25981,1,1,1
25982,0,0,0
25983,1,0,0
25984,1,0,0
25985,0,0,0
25986,1,1,0
25987,0,0,0
25988,0,0,0
25989,1,1,1
25990,1,0,0
25991,1,0,0
25992,1,1,1
25993,0,0,0
25994,1,0,0
25995,0,0,0
25996,1,0,0
25997,0,0,0
25998,1,1,1
25999,0,0,0
